election_id,election_date,poll_id,firm,date_published,sample_size,field_tested,source_url,candidate_id,candidate_name,share,is_residual
toronto_2014,2014-10-27,toronto_2014-2010-10-25-6a933a5f,2010 Election,2010-10-25,,rob_ford,https://en.wikipedia.org/wiki/2014_Toronto_mayoral_election,residual,Other / undecided,0.5289,True
toronto_2014,2014-10-27,toronto_2014-2010-10-25-6a933a5f,2010 Election,2010-10-25,,rob_ford,https://en.wikipedia.org/wiki/2014_Toronto_mayoral_election,rob_ford,R. Ford,0.4711,False
toronto_2014,2014-10-27,toronto_2014-2013-01-25-7682463f,Forum Research,2013-01-25,,"chow,rob_ford",https://en.wikipedia.org/wiki/2014_Toronto_mayoral_election,chow,Chow,0.52,False
toronto_2014,2014-10-27,toronto_2014-2013-01-25-7682463f,Forum Research,2013-01-25,,"chow,rob_ford",https://en.wikipedia.org/wiki/2014_Toronto_mayoral_election,residual,Other / undecided,0.08,True
toronto_2014,2014-10-27,toronto_2014-2013-01-25-7682463f,Forum Research,2013-01-25,,"chow,rob_ford",https://en.wikipedia.org/wiki/2014_Toronto_mayoral_election,rob_ford,R. Ford,0.4,False
toronto_2014,2014-10-27,toronto_2014-2013-01-25-a556e530,Forum Research,2013-01-25,,"rob_ford,stintz",https://en.wikipedia.org/wiki/2014_Toronto_mayoral_election,residual,Other / undecided,0.11,True
toronto_2014,2014-10-27,toronto_2014-2013-01-25-a556e530,Forum Research,2013-01-25,,"rob_ford,stintz",https://en.wikipedia.org/wiki/2014_Toronto_mayoral_election,rob_ford,R. Ford,0.4,False
toronto_2014,2014-10-27,toronto_2014-2013-01-25-a556e530,Forum Research,2013-01-25,,"rob_ford,stintz",https://en.wikipedia.org/wiki/2014_Toronto_mayoral_election,stintz,Stintz,0.49,False
toronto_2014,2014-10-27,toronto_2014-2013-01-25-b9d08ec1,Forum Research,2013-01-25,,rob_ford,https://en.wikipedia.org/wiki/2014_Toronto_mayoral_election,residual,Other / undecided,0.55,True
toronto_2014,2014-10-27,toronto_2014-2013-01-25-b9d08ec1,Forum Research,2013-01-25,,rob_ford,https://en.wikipedia.org/wiki/2014_Toronto_mayoral_election,rob_ford,R. Ford,0.45,False
toronto_2014,2014-10-27,toronto_2014-2013-01-25-d2df21f9,Forum Research,2013-01-25,,"rob_ford,tory",https://en.wikipedia.org/wiki/2014_Toronto_mayoral_election,residual,Other / undecided,0.16,True
toronto_2014,2014-10-27,toronto_2014-2013-01-25-d2df21f9,Forum Research,2013-01-25,,"rob_ford,tory",https://en.wikipedia.org/wiki/2014_Toronto_mayoral_election,rob_ford,R. Ford,0.36,False
toronto_2014,2014-10-27,toronto_2014-2013-01-25-d2df21f9,Forum Research,2013-01-25,,"rob_ford,tory",https://en.wikipedia.org/wiki/2014_Toronto_mayoral_election,tory,Tory,0.48,False
toronto_2014,2014-10-27,toronto_2014-2013-03-21-1d85c80b,Forum Research,2013-03-21,,"chow,rob_ford",https://en.wikipedia.org/wiki/2014_Toronto_mayoral_election,chow,Chow,0.43,False
toronto_2014,2014-10-27,toronto_2014-2013-03-21-1d85c80b,Forum Research,2013-03-21,,"chow,rob_ford",https://en.wikipedia.org/wiki/2014_Toronto_mayoral_election,residual,Other / undecided,0.25,True
toronto_2014,2014-10-27,toronto_2014-2013-03-21-1d85c80b,Forum Research,2013-03-21,,"chow,rob_ford",https://en.wikipedia.org/wiki/2014_Toronto_mayoral_election,rob_ford,R. Ford,0.32,False
toronto_2014,2014-10-27,toronto_2014-2013-03-21-47574b99,Forum Research,2013-03-21,,"chow,rob_ford",https://en.wikipedia.org/wiki/2014_Toronto_mayoral_election,chow,Chow,0.47,False
toronto_2014,2014-10-27,toronto_2014-2013-03-21-47574b99,Forum Research,2013-03-21,,"chow,rob_ford",https://en.wikipedia.org/wiki/2014_Toronto_mayoral_election,residual,Other / undecided,0.21,True
toronto_2014,2014-10-27,toronto_2014-2013-03-21-47574b99,Forum Research,2013-03-21,,"chow,rob_ford",https://en.wikipedia.org/wiki/2014_Toronto_mayoral_election,rob_ford,R. Ford,0.32,False
toronto_2014,2014-10-27,toronto_2014-2013-03-21-fa96205a,Forum Research,2013-03-21,,"chow,rob_ford",https://en.wikipedia.org/wiki/2014_Toronto_mayoral_election,chow,Chow,0.6,False
toronto_2014,2014-10-27,toronto_2014-2013-03-21-fa96205a,Forum Research,2013-03-21,,"chow,rob_ford",https://en.wikipedia.org/wiki/2014_Toronto_mayoral_election,residual,Other / undecided,0.07,True
toronto_2014,2014-10-27,toronto_2014-2013-03-21-fa96205a,Forum Research,2013-03-21,,"chow,rob_ford",https://en.wikipedia.org/wiki/2014_Toronto_mayoral_election,rob_ford,R. Ford,0.33,False
toronto_2014,2014-10-27,toronto_2014-2013-05-13-586501f0,Forum Research,2013-05-13,,"chow,rob_ford,tory",https://en.wikipedia.org/wiki/2014_Toronto_mayoral_election,chow,Chow,0.44,False
toronto_2014,2014-10-27,toronto_2014-2013-05-13-586501f0,Forum Research,2013-05-13,,"chow,rob_ford,tory",https://en.wikipedia.org/wiki/2014_Toronto_mayoral_election,residual,Other / undecided,0.04,True
toronto_2014,2014-10-27,toronto_2014-2013-05-13-586501f0,Forum Research,2013-05-13,,"chow,rob_ford,tory",https://en.wikipedia.org/wiki/2014_Toronto_mayoral_election,rob_ford,R. Ford,0.27,False
toronto_2014,2014-10-27,toronto_2014-2013-05-13-586501f0,Forum Research,2013-05-13,,"chow,rob_ford,tory",https://en.wikipedia.org/wiki/2014_Toronto_mayoral_election,tory,Tory,0.25,False
toronto_2014,2014-10-27,toronto_2014-2013-05-13-9b716dba,Forum Research,2013-05-13,,"rob_ford,tory",https://en.wikipedia.org/wiki/2014_Toronto_mayoral_election,residual,Other / undecided,0.17,True
toronto_2014,2014-10-27,toronto_2014-2013-05-13-9b716dba,Forum Research,2013-05-13,,"rob_ford,tory",https://en.wikipedia.org/wiki/2014_Toronto_mayoral_election,rob_ford,R. Ford,0.33,False
toronto_2014,2014-10-27,toronto_2014-2013-05-13-9b716dba,Forum Research,2013-05-13,,"rob_ford,tory",https://en.wikipedia.org/wiki/2014_Toronto_mayoral_election,tory,Tory,0.5,False
toronto_2014,2014-10-27,toronto_2014-2013-05-13-d3c182cc,Forum Research,2013-05-13,,"chow,rob_ford,stintz",https://en.wikipedia.org/wiki/2014_Toronto_mayoral_election,chow,Chow,0.34,False
toronto_2014,2014-10-27,toronto_2014-2013-05-13-d3c182cc,Forum Research,2013-05-13,,"chow,rob_ford,stintz",https://en.wikipedia.org/wiki/2014_Toronto_mayoral_election,residual,Other / undecided,0.2,True
toronto_2014,2014-10-27,toronto_2014-2013-05-13-d3c182cc,Forum Research,2013-05-13,,"chow,rob_ford,stintz",https://en.wikipedia.org/wiki/2014_Toronto_mayoral_election,rob_ford,R. Ford,0.35,False
toronto_2014,2014-10-27,toronto_2014-2013-05-13-d3c182cc,Forum Research,2013-05-13,,"chow,rob_ford,stintz",https://en.wikipedia.org/wiki/2014_Toronto_mayoral_election,stintz,Stintz,0.11,False
toronto_2014,2014-10-27,toronto_2014-2013-05-13-dc2249d8,Forum Research,2013-05-13,,"chow,rob_ford",https://en.wikipedia.org/wiki/2014_Toronto_mayoral_election,chow,Chow,0.57,False
toronto_2014,2014-10-27,toronto_2014-2013-05-13-dc2249d8,Forum Research,2013-05-13,,"chow,rob_ford",https://en.wikipedia.org/wiki/2014_Toronto_mayoral_election,residual,Other / undecided,0.07,True
toronto_2014,2014-10-27,toronto_2014-2013-05-13-dc2249d8,Forum Research,2013-05-13,,"chow,rob_ford",https://en.wikipedia.org/wiki/2014_Toronto_mayoral_election,rob_ford,R. Ford,0.36,False
toronto_2014,2014-10-27,toronto_2014-2013-08-29-056a657f,Forum Research,2013-08-29,,"rob_ford,tory",https://en.wikipedia.org/wiki/2014_Toronto_mayoral_election,residual,Other / undecided,0.17,True
toronto_2014,2014-10-27,toronto_2014-2013-08-29-056a657f,Forum Research,2013-08-29,,"rob_ford,tory",https://en.wikipedia.org/wiki/2014_Toronto_mayoral_election,rob_ford,R. Ford,0.33,False
toronto_2014,2014-10-27,toronto_2014-2013-08-29-056a657f,Forum Research,2013-08-29,,"rob_ford,tory",https://en.wikipedia.org/wiki/2014_Toronto_mayoral_election,tory,Tory,0.5,False
toronto_2014,2014-10-27,toronto_2014-2013-08-29-10ac3a3c,Forum Research,2013-08-29,,"chow,rob_ford",https://en.wikipedia.org/wiki/2014_Toronto_mayoral_election,chow,Chow,0.57,False
toronto_2014,2014-10-27,toronto_2014-2013-08-29-10ac3a3c,Forum Research,2013-08-29,,"chow,rob_ford",https://en.wikipedia.org/wiki/2014_Toronto_mayoral_election,residual,Other / undecided,0.1,True
toronto_2014,2014-10-27,toronto_2014-2013-08-29-10ac3a3c,Forum Research,2013-08-29,,"chow,rob_ford",https://en.wikipedia.org/wiki/2014_Toronto_mayoral_election,rob_ford,R. Ford,0.33,False
toronto_2014,2014-10-27,toronto_2014-2013-08-29-127e27bb,Forum Research,2013-08-29,,"chow,rob_ford,stintz,tory",https://en.wikipedia.org/wiki/2014_Toronto_mayoral_election,chow,Chow,0.39,False
toronto_2014,2014-10-27,toronto_2014-2013-08-29-127e27bb,Forum Research,2013-08-29,,"chow,rob_ford,stintz,tory",https://en.wikipedia.org/wiki/2014_Toronto_mayoral_election,residual,Other / undecided,0.05,True
toronto_2014,2014-10-27,toronto_2014-2013-08-29-127e27bb,Forum Research,2013-08-29,,"chow,rob_ford,stintz,tory",https://en.wikipedia.org/wiki/2014_Toronto_mayoral_election,rob_ford,R. Ford,0.27,False
toronto_2014,2014-10-27,toronto_2014-2013-08-29-127e27bb,Forum Research,2013-08-29,,"chow,rob_ford,stintz,tory",https://en.wikipedia.org/wiki/2014_Toronto_mayoral_election,stintz,Stintz,0.05,False
toronto_2014,2014-10-27,toronto_2014-2013-08-29-127e27bb,Forum Research,2013-08-29,,"chow,rob_ford,stintz,tory",https://en.wikipedia.org/wiki/2014_Toronto_mayoral_election,tory,Tory,0.24,False
toronto_2014,2014-10-27,toronto_2014-2013-08-29-4d46f0e0,Forum Research,2013-08-29,,"rob_ford,stintz",https://en.wikipedia.org/wiki/2014_Toronto_mayoral_election,residual,Other / undecided,0.16,True
toronto_2014,2014-10-27,toronto_2014-2013-08-29-4d46f0e0,Forum Research,2013-08-29,,"rob_ford,stintz",https://en.wikipedia.org/wiki/2014_Toronto_mayoral_election,rob_ford,R. Ford,0.4,False
toronto_2014,2014-10-27,toronto_2014-2013-08-29-4d46f0e0,Forum Research,2013-08-29,,"rob_ford,stintz",https://en.wikipedia.org/wiki/2014_Toronto_mayoral_election,stintz,Stintz,0.44,False
toronto_2014,2014-10-27,toronto_2014-2013-08-29-dcebef42,Forum Research,2013-08-29,,rob_ford,https://en.wikipedia.org/wiki/2014_Toronto_mayoral_election,residual,Other / undecided,0.61,True
toronto_2014,2014-10-27,toronto_2014-2013-08-29-dcebef42,Forum Research,2013-08-29,,rob_ford,https://en.wikipedia.org/wiki/2014_Toronto_mayoral_election,rob_ford,R. Ford,0.39,False
toronto_2014,2014-10-27,toronto_2014-2013-11-04-b90dc200,Forum Research,2013-11-04,,"chow,rob_ford,soknacki,stintz",https://en.wikipedia.org/wiki/2014_Toronto_mayoral_election,chow,Chow,0.39,False
toronto_2014,2014-10-27,toronto_2014-2013-11-04-b90dc200,Forum Research,2013-11-04,,"chow,rob_ford,soknacki,stintz",https://en.wikipedia.org/wiki/2014_Toronto_mayoral_election,residual,Other / undecided,0.1,True
toronto_2014,2014-10-27,toronto_2014-2013-11-04-b90dc200,Forum Research,2013-11-04,,"chow,rob_ford,soknacki,stintz",https://en.wikipedia.org/wiki/2014_Toronto_mayoral_election,rob_ford,R. Ford,0.29,False
toronto_2014,2014-10-27,toronto_2014-2013-11-04-b90dc200,Forum Research,2013-11-04,,"chow,rob_ford,soknacki,stintz",https://en.wikipedia.org/wiki/2014_Toronto_mayoral_election,soknacki,Soknacki,0.06,False
toronto_2014,2014-10-27,toronto_2014-2013-11-04-b90dc200,Forum Research,2013-11-04,,"chow,rob_ford,soknacki,stintz",https://en.wikipedia.org/wiki/2014_Toronto_mayoral_election,stintz,Stintz,0.16,False
toronto_2014,2014-10-27,toronto_2014-2013-11-04-d0e9e15c,Forum Research,2013-11-04,,"rob_ford,soknacki,stintz,tory",https://en.wikipedia.org/wiki/2014_Toronto_mayoral_election,residual,Other / undecided,0.14,True
toronto_2014,2014-10-27,toronto_2014-2013-11-04-d0e9e15c,Forum Research,2013-11-04,,"rob_ford,soknacki,stintz,tory",https://en.wikipedia.org/wiki/2014_Toronto_mayoral_election,rob_ford,R. Ford,0.29,False
toronto_2014,2014-10-27,toronto_2014-2013-11-04-d0e9e15c,Forum Research,2013-11-04,,"rob_ford,soknacki,stintz,tory",https://en.wikipedia.org/wiki/2014_Toronto_mayoral_election,soknacki,Soknacki,0.04,False
toronto_2014,2014-10-27,toronto_2014-2013-11-04-d0e9e15c,Forum Research,2013-11-04,,"rob_ford,soknacki,stintz,tory",https://en.wikipedia.org/wiki/2014_Toronto_mayoral_election,stintz,Stintz,0.22,False
toronto_2014,2014-10-27,toronto_2014-2013-11-04-d0e9e15c,Forum Research,2013-11-04,,"rob_ford,soknacki,stintz,tory",https://en.wikipedia.org/wiki/2014_Toronto_mayoral_election,tory,Tory,0.31,False
toronto_2014,2014-10-27,toronto_2014-2013-11-04-ef100e47,Forum Research,2013-11-04,,"chow,rob_ford,soknacki,stintz,tory",https://en.wikipedia.org/wiki/2014_Toronto_mayoral_election,chow,Chow,0.3137,False
toronto_2014,2014-10-27,toronto_2014-2013-11-04-ef100e47,Forum Research,2013-11-04,,"chow,rob_ford,soknacki,stintz,tory",https://en.wikipedia.org/wiki/2014_Toronto_mayoral_election,residual,Other / undecided,0.0686,True
toronto_2014,2014-10-27,toronto_2014-2013-11-04-ef100e47,Forum Research,2013-11-04,,"chow,rob_ford,soknacki,stintz,tory",https://en.wikipedia.org/wiki/2014_Toronto_mayoral_election,rob_ford,R. Ford,0.2549,False
toronto_2014,2014-10-27,toronto_2014-2013-11-04-ef100e47,Forum Research,2013-11-04,,"chow,rob_ford,soknacki,stintz,tory",https://en.wikipedia.org/wiki/2014_Toronto_mayoral_election,soknacki,Soknacki,0.0196,False
toronto_2014,2014-10-27,toronto_2014-2013-11-04-ef100e47,Forum Research,2013-11-04,,"chow,rob_ford,soknacki,stintz,tory",https://en.wikipedia.org/wiki/2014_Toronto_mayoral_election,stintz,Stintz,0.098,False
toronto_2014,2014-10-27,toronto_2014-2013-11-04-ef100e47,Forum Research,2013-11-04,,"chow,rob_ford,soknacki,stintz,tory",https://en.wikipedia.org/wiki/2014_Toronto_mayoral_election,tory,Tory,0.2451,False
toronto_2014,2014-10-27,toronto_2014-2013-11-04-f846e0fb,Forum Research,2013-11-04,,"rob_ford,soknacki,stintz",https://en.wikipedia.org/wiki/2014_Toronto_mayoral_election,residual,Other / undecided,0.21,True
toronto_2014,2014-10-27,toronto_2014-2013-11-04-f846e0fb,Forum Research,2013-11-04,,"rob_ford,soknacki,stintz",https://en.wikipedia.org/wiki/2014_Toronto_mayoral_election,rob_ford,R. Ford,0.33,False
toronto_2014,2014-10-27,toronto_2014-2013-11-04-f846e0fb,Forum Research,2013-11-04,,"rob_ford,soknacki,stintz",https://en.wikipedia.org/wiki/2014_Toronto_mayoral_election,soknacki,Soknacki,0.08,False
toronto_2014,2014-10-27,toronto_2014-2013-11-04-f846e0fb,Forum Research,2013-11-04,,"rob_ford,soknacki,stintz",https://en.wikipedia.org/wiki/2014_Toronto_mayoral_election,stintz,Stintz,0.38,False
toronto_2014,2014-10-27,toronto_2014-2013-11-12-6a9b9d1e,Ipsos-Reid,2013-11-12,,"chow,rob_ford,soknacki,stintz",https://en.wikipedia.org/wiki/2014_Toronto_mayoral_election,chow,Chow,0.4356,False
toronto_2014,2014-10-27,toronto_2014-2013-11-12-6a9b9d1e,Ipsos-Reid,2013-11-12,,"chow,rob_ford,soknacki,stintz",https://en.wikipedia.org/wiki/2014_Toronto_mayoral_election,residual,Other / undecided,0.0,True
toronto_2014,2014-10-27,toronto_2014-2013-11-12-6a9b9d1e,Ipsos-Reid,2013-11-12,,"chow,rob_ford,soknacki,stintz",https://en.wikipedia.org/wiki/2014_Toronto_mayoral_election,rob_ford,R. Ford,0.2772,False
toronto_2014,2014-10-27,toronto_2014-2013-11-12-6a9b9d1e,Ipsos-Reid,2013-11-12,,"chow,rob_ford,soknacki,stintz",https://en.wikipedia.org/wiki/2014_Toronto_mayoral_election,soknacki,Soknacki,0.0693,False
toronto_2014,2014-10-27,toronto_2014-2013-11-12-6a9b9d1e,Ipsos-Reid,2013-11-12,,"chow,rob_ford,soknacki,stintz",https://en.wikipedia.org/wiki/2014_Toronto_mayoral_election,stintz,Stintz,0.2178,False
toronto_2014,2014-10-27,toronto_2014-2013-11-12-7d87bc74,Ipsos-Reid,2013-11-12,,"rob_ford,soknacki,stintz,tory",https://en.wikipedia.org/wiki/2014_Toronto_mayoral_election,residual,Other / undecided,0.0,True
toronto_2014,2014-10-27,toronto_2014-2013-11-12-7d87bc74,Ipsos-Reid,2013-11-12,,"rob_ford,soknacki,stintz,tory",https://en.wikipedia.org/wiki/2014_Toronto_mayoral_election,rob_ford,R. Ford,0.22,False
toronto_2014,2014-10-27,toronto_2014-2013-11-12-7d87bc74,Ipsos-Reid,2013-11-12,,"rob_ford,soknacki,stintz,tory",https://en.wikipedia.org/wiki/2014_Toronto_mayoral_election,soknacki,Soknacki,0.07,False
toronto_2014,2014-10-27,toronto_2014-2013-11-12-7d87bc74,Ipsos-Reid,2013-11-12,,"rob_ford,soknacki,stintz,tory",https://en.wikipedia.org/wiki/2014_Toronto_mayoral_election,stintz,Stintz,0.3,False
toronto_2014,2014-10-27,toronto_2014-2013-11-12-7d87bc74,Ipsos-Reid,2013-11-12,,"rob_ford,soknacki,stintz,tory",https://en.wikipedia.org/wiki/2014_Toronto_mayoral_election,tory,Tory,0.41,False
toronto_2014,2014-10-27,toronto_2014-2013-11-12-a25ac730,Ipsos-Reid,2013-11-12,,"rob_ford,soknacki,stintz",https://en.wikipedia.org/wiki/2014_Toronto_mayoral_election,residual,Other / undecided,0.01,True
toronto_2014,2014-10-27,toronto_2014-2013-11-12-a25ac730,Ipsos-Reid,2013-11-12,,"rob_ford,soknacki,stintz",https://en.wikipedia.org/wiki/2014_Toronto_mayoral_election,rob_ford,R. Ford,0.33,False
toronto_2014,2014-10-27,toronto_2014-2013-11-12-a25ac730,Ipsos-Reid,2013-11-12,,"rob_ford,soknacki,stintz",https://en.wikipedia.org/wiki/2014_Toronto_mayoral_election,soknacki,Soknacki,0.14,False
toronto_2014,2014-10-27,toronto_2014-2013-11-12-a25ac730,Ipsos-Reid,2013-11-12,,"rob_ford,soknacki,stintz",https://en.wikipedia.org/wiki/2014_Toronto_mayoral_election,stintz,Stintz,0.52,False
toronto_2014,2014-10-27,toronto_2014-2013-11-12-e5e824f2,Ipsos-Reid,2013-11-12,,"chow,rob_ford,soknacki,stintz,tory",https://en.wikipedia.org/wiki/2014_Toronto_mayoral_election,chow,Chow,0.36,False
toronto_2014,2014-10-27,toronto_2014-2013-11-12-e5e824f2,Ipsos-Reid,2013-11-12,,"chow,rob_ford,soknacki,stintz,tory",https://en.wikipedia.org/wiki/2014_Toronto_mayoral_election,residual,Other / undecided,0.0,True
toronto_2014,2014-10-27,toronto_2014-2013-11-12-e5e824f2,Ipsos-Reid,2013-11-12,,"chow,rob_ford,soknacki,stintz,tory",https://en.wikipedia.org/wiki/2014_Toronto_mayoral_election,rob_ford,R. Ford,0.2,False
toronto_2014,2014-10-27,toronto_2014-2013-11-12-e5e824f2,Ipsos-Reid,2013-11-12,,"chow,rob_ford,soknacki,stintz,tory",https://en.wikipedia.org/wiki/2014_Toronto_mayoral_election,soknacki,Soknacki,0.03,False
toronto_2014,2014-10-27,toronto_2014-2013-11-12-e5e824f2,Ipsos-Reid,2013-11-12,,"chow,rob_ford,soknacki,stintz,tory",https://en.wikipedia.org/wiki/2014_Toronto_mayoral_election,stintz,Stintz,0.13,False
toronto_2014,2014-10-27,toronto_2014-2013-11-12-e5e824f2,Ipsos-Reid,2013-11-12,,"chow,rob_ford,soknacki,stintz,tory",https://en.wikipedia.org/wiki/2014_Toronto_mayoral_election,tory,Tory,0.28,False
toronto_2014,2014-10-27,toronto_2014-2013-11-24-0434843b,Forum Research,2013-11-24,,"chow,rob_ford,soknacki,stintz,tory",https://en.wikipedia.org/wiki/2014_Toronto_mayoral_election,chow,Chow,0.3366,False
toronto_2014,2014-10-27,toronto_2014-2013-11-24-0434843b,Forum Research,2013-11-24,,"chow,rob_ford,soknacki,stintz,tory",https://en.wikipedia.org/wiki/2014_Toronto_mayoral_election,residual,Other / undecided,0.0594,True
toronto_2014,2014-10-27,toronto_2014-2013-11-24-0434843b,Forum Research,2013-11-24,,"chow,rob_ford,soknacki,stintz,tory",https://en.wikipedia.org/wiki/2014_Toronto_mayoral_election,rob_ford,R. Ford,0.3069,False
toronto_2014,2014-10-27,toronto_2014-2013-11-24-0434843b,Forum Research,2013-11-24,,"chow,rob_ford,soknacki,stintz,tory",https://en.wikipedia.org/wiki/2014_Toronto_mayoral_election,soknacki,Soknacki,0.0297,False
toronto_2014,2014-10-27,toronto_2014-2013-11-24-0434843b,Forum Research,2013-11-24,,"chow,rob_ford,soknacki,stintz,tory",https://en.wikipedia.org/wiki/2014_Toronto_mayoral_election,stintz,Stintz,0.0693,False
toronto_2014,2014-10-27,toronto_2014-2013-11-24-0434843b,Forum Research,2013-11-24,,"chow,rob_ford,soknacki,stintz,tory",https://en.wikipedia.org/wiki/2014_Toronto_mayoral_election,tory,Tory,0.198,False
toronto_2014,2014-10-27,toronto_2014-2013-11-24-28fc3455,Forum Research,2013-11-24,,"chow,rob_ford,soknacki,stintz,tory",https://en.wikipedia.org/wiki/2014_Toronto_mayoral_election,chow,Chow,0.3366,False
toronto_2014,2014-10-27,toronto_2014-2013-11-24-28fc3455,Forum Research,2013-11-24,,"chow,rob_ford,soknacki,stintz,tory",https://en.wikipedia.org/wiki/2014_Toronto_mayoral_election,residual,Other / undecided,0.0297,True
toronto_2014,2014-10-27,toronto_2014-2013-11-24-28fc3455,Forum Research,2013-11-24,,"chow,rob_ford,soknacki,stintz,tory",https://en.wikipedia.org/wiki/2014_Toronto_mayoral_election,rob_ford,R. Ford,0.3069,False
toronto_2014,2014-10-27,toronto_2014-2013-11-24-28fc3455,Forum Research,2013-11-24,,"chow,rob_ford,soknacki,stintz,tory",https://en.wikipedia.org/wiki/2014_Toronto_mayoral_election,soknacki,Soknacki,0.0396,False
toronto_2014,2014-10-27,toronto_2014-2013-11-24-28fc3455,Forum Research,2013-11-24,,"chow,rob_ford,soknacki,stintz,tory",https://en.wikipedia.org/wiki/2014_Toronto_mayoral_election,stintz,Stintz,0.0693,False
toronto_2014,2014-10-27,toronto_2014-2013-11-24-28fc3455,Forum Research,2013-11-24,,"chow,rob_ford,soknacki,stintz,tory",https://en.wikipedia.org/wiki/2014_Toronto_mayoral_election,tory,Tory,0.2178,False
toronto_2014,2014-10-27,toronto_2014-2013-11-24-3ace1d90,Forum Research,2013-11-24,,"rob_ford,soknacki,stintz",https://en.wikipedia.org/wiki/2014_Toronto_mayoral_election,residual,Other / undecided,0.12,True
toronto_2014,2014-10-27,toronto_2014-2013-11-24-3ace1d90,Forum Research,2013-11-24,,"rob_ford,soknacki,stintz",https://en.wikipedia.org/wiki/2014_Toronto_mayoral_election,rob_ford,R. Ford,0.35,False
toronto_2014,2014-10-27,toronto_2014-2013-11-24-3ace1d90,Forum Research,2013-11-24,,"rob_ford,soknacki,stintz",https://en.wikipedia.org/wiki/2014_Toronto_mayoral_election,soknacki,Soknacki,0.13,False
toronto_2014,2014-10-27,toronto_2014-2013-11-24-3ace1d90,Forum Research,2013-11-24,,"rob_ford,soknacki,stintz",https://en.wikipedia.org/wiki/2014_Toronto_mayoral_election,stintz,Stintz,0.4,False
toronto_2014,2014-10-27,toronto_2014-2014-01-06-f94510f4,Forum Research,2014-01-06,,"chow,rob_ford,soknacki,stintz,tory",https://en.wikipedia.org/wiki/2014_Toronto_mayoral_election,chow,Chow,0.3,False
toronto_2014,2014-10-27,toronto_2014-2014-01-06-f94510f4,Forum Research,2014-01-06,,"chow,rob_ford,soknacki,stintz,tory",https://en.wikipedia.org/wiki/2014_Toronto_mayoral_election,residual,Other / undecided,0.05,True
toronto_2014,2014-10-27,toronto_2014-2014-01-06-f94510f4,Forum Research,2014-01-06,,"chow,rob_ford,soknacki,stintz,tory",https://en.wikipedia.org/wiki/2014_Toronto_mayoral_election,rob_ford,R. Ford,0.35,False
toronto_2014,2014-10-27,toronto_2014-2014-01-06-f94510f4,Forum Research,2014-01-06,,"chow,rob_ford,soknacki,stintz,tory",https://en.wikipedia.org/wiki/2014_Toronto_mayoral_election,soknacki,Soknacki,0.03,False
toronto_2014,2014-10-27,toronto_2014-2014-01-06-f94510f4,Forum Research,2014-01-06,,"chow,rob_ford,soknacki,stintz,tory",https://en.wikipedia.org/wiki/2014_Toronto_mayoral_election,stintz,Stintz,0.05,False
toronto_2014,2014-10-27,toronto_2014-2014-01-06-f94510f4,Forum Research,2014-01-06,,"chow,rob_ford,soknacki,stintz,tory",https://en.wikipedia.org/wiki/2014_Toronto_mayoral_election,tory,Tory,0.22,False
toronto_2014,2014-10-27,toronto_2014-2014-01-22-17ee9410,Forum Research,2014-01-22,,"chow,rob_ford,soknacki,stintz,tory",https://en.wikipedia.org/wiki/2014_Toronto_mayoral_election,chow,Chow,0.31,False
toronto_2014,2014-10-27,toronto_2014-2014-01-22-17ee9410,Forum Research,2014-01-22,,"chow,rob_ford,soknacki,stintz,tory",https://en.wikipedia.org/wiki/2014_Toronto_mayoral_election,residual,Other / undecided,0.04,True
toronto_2014,2014-10-27,toronto_2014-2014-01-22-17ee9410,Forum Research,2014-01-22,,"chow,rob_ford,soknacki,stintz,tory",https://en.wikipedia.org/wiki/2014_Toronto_mayoral_election,rob_ford,R. Ford,0.3,False
toronto_2014,2014-10-27,toronto_2014-2014-01-22-17ee9410,Forum Research,2014-01-22,,"chow,rob_ford,soknacki,stintz,tory",https://en.wikipedia.org/wiki/2014_Toronto_mayoral_election,soknacki,Soknacki,0.04,False
toronto_2014,2014-10-27,toronto_2014-2014-01-22-17ee9410,Forum Research,2014-01-22,,"chow,rob_ford,soknacki,stintz,tory",https://en.wikipedia.org/wiki/2014_Toronto_mayoral_election,stintz,Stintz,0.07,False
toronto_2014,2014-10-27,toronto_2014-2014-01-22-17ee9410,Forum Research,2014-01-22,,"chow,rob_ford,soknacki,stintz,tory",https://en.wikipedia.org/wiki/2014_Toronto_mayoral_election,tory,Tory,0.24,False
toronto_2014,2014-10-27,toronto_2014-2014-02-09-ad636993,Forum Research,2014-02-09,,"chow,rob_ford,soknacki,stintz,tory",https://en.wikipedia.org/wiki/2014_Toronto_mayoral_election,chow,Chow,0.35,False
toronto_2014,2014-10-27,toronto_2014-2014-02-09-ad636993,Forum Research,2014-02-09,,"chow,rob_ford,soknacki,stintz,tory",https://en.wikipedia.org/wiki/2014_Toronto_mayoral_election,residual,Other / undecided,0.04,True
toronto_2014,2014-10-27,toronto_2014-2014-02-09-ad636993,Forum Research,2014-02-09,,"chow,rob_ford,soknacki,stintz,tory",https://en.wikipedia.org/wiki/2014_Toronto_mayoral_election,rob_ford,R. Ford,0.3,False
toronto_2014,2014-10-27,toronto_2014-2014-02-09-ad636993,Forum Research,2014-02-09,,"chow,rob_ford,soknacki,stintz,tory",https://en.wikipedia.org/wiki/2014_Toronto_mayoral_election,soknacki,Soknacki,0.03,False
toronto_2014,2014-10-27,toronto_2014-2014-02-09-ad636993,Forum Research,2014-02-09,,"chow,rob_ford,soknacki,stintz,tory",https://en.wikipedia.org/wiki/2014_Toronto_mayoral_election,stintz,Stintz,0.06,False
toronto_2014,2014-10-27,toronto_2014-2014-02-09-ad636993,Forum Research,2014-02-09,,"chow,rob_ford,soknacki,stintz,tory",https://en.wikipedia.org/wiki/2014_Toronto_mayoral_election,tory,Tory,0.22,False
toronto_2014,2014-10-27,toronto_2014-2014-02-09-dd29b723,Forum Research,2014-02-09,,"rob_ford,soknacki,stintz",https://en.wikipedia.org/wiki/2014_Toronto_mayoral_election,residual,Other / undecided,0.14,True
toronto_2014,2014-10-27,toronto_2014-2014-02-09-dd29b723,Forum Research,2014-02-09,,"rob_ford,soknacki,stintz",https://en.wikipedia.org/wiki/2014_Toronto_mayoral_election,rob_ford,R. Ford,0.35,False
toronto_2014,2014-10-27,toronto_2014-2014-02-09-dd29b723,Forum Research,2014-02-09,,"rob_ford,soknacki,stintz",https://en.wikipedia.org/wiki/2014_Toronto_mayoral_election,soknacki,Soknacki,0.16,False
toronto_2014,2014-10-27,toronto_2014-2014-02-09-dd29b723,Forum Research,2014-02-09,,"rob_ford,soknacki,stintz",https://en.wikipedia.org/wiki/2014_Toronto_mayoral_election,stintz,Stintz,0.35,False
toronto_2014,2014-10-27,toronto_2014-2014-02-24-59cb828a,Forum Research,2014-02-24,,"rob_ford,soknacki,stintz,tory",https://en.wikipedia.org/wiki/2014_Toronto_mayoral_election,residual,Other / undecided,0.08,True
toronto_2014,2014-10-27,toronto_2014-2014-02-24-59cb828a,Forum Research,2014-02-24,,"rob_ford,soknacki,stintz,tory",https://en.wikipedia.org/wiki/2014_Toronto_mayoral_election,rob_ford,R. Ford,0.33,False
toronto_2014,2014-10-27,toronto_2014-2014-02-24-59cb828a,Forum Research,2014-02-24,,"rob_ford,soknacki,stintz,tory",https://en.wikipedia.org/wiki/2014_Toronto_mayoral_election,soknacki,Soknacki,0.05,False
toronto_2014,2014-10-27,toronto_2014-2014-02-24-59cb828a,Forum Research,2014-02-24,,"rob_ford,soknacki,stintz,tory",https://en.wikipedia.org/wiki/2014_Toronto_mayoral_election,stintz,Stintz,0.15,False
toronto_2014,2014-10-27,toronto_2014-2014-02-24-59cb828a,Forum Research,2014-02-24,,"rob_ford,soknacki,stintz,tory",https://en.wikipedia.org/wiki/2014_Toronto_mayoral_election,tory,Tory,0.39,False
toronto_2014,2014-10-27,toronto_2014-2014-02-24-d2896f09,Forum Research,2014-02-24,,"chow,rob_ford,tory",https://en.wikipedia.org/wiki/2014_Toronto_mayoral_election,chow,Chow,0.32,False
toronto_2014,2014-10-27,toronto_2014-2014-02-24-d2896f09,Forum Research,2014-02-24,,"chow,rob_ford,tory",https://en.wikipedia.org/wiki/2014_Toronto_mayoral_election,residual,Other / undecided,0.03,True
toronto_2014,2014-10-27,toronto_2014-2014-02-24-d2896f09,Forum Research,2014-02-24,,"chow,rob_ford,tory",https://en.wikipedia.org/wiki/2014_Toronto_mayoral_election,rob_ford,R. Ford,0.32,False
toronto_2014,2014-10-27,toronto_2014-2014-02-24-d2896f09,Forum Research,2014-02-24,,"chow,rob_ford,tory",https://en.wikipedia.org/wiki/2014_Toronto_mayoral_election,tory,Tory,0.33,False
toronto_2014,2014-10-27,toronto_2014-2014-02-24-ebbbbd3a,Forum Research,2014-02-24,,"chow,rob_ford,soknacki,stintz,tory",https://en.wikipedia.org/wiki/2014_Toronto_mayoral_election,chow,Chow,0.31,False
toronto_2014,2014-10-27,toronto_2014-2014-02-24-ebbbbd3a,Forum Research,2014-02-24,,"chow,rob_ford,soknacki,stintz,tory",https://en.wikipedia.org/wiki/2014_Toronto_mayoral_election,residual,Other / undecided,0.03,True
toronto_2014,2014-10-27,toronto_2014-2014-02-24-ebbbbd3a,Forum Research,2014-02-24,,"chow,rob_ford,soknacki,stintz,tory",https://en.wikipedia.org/wiki/2014_Toronto_mayoral_election,rob_ford,R. Ford,0.31,False
toronto_2014,2014-10-27,toronto_2014-2014-02-24-ebbbbd3a,Forum Research,2014-02-24,,"chow,rob_ford,soknacki,stintz,tory",https://en.wikipedia.org/wiki/2014_Toronto_mayoral_election,soknacki,Soknacki,0.02,False
toronto_2014,2014-10-27,toronto_2014-2014-02-24-ebbbbd3a,Forum Research,2014-02-24,,"chow,rob_ford,soknacki,stintz,tory",https://en.wikipedia.org/wiki/2014_Toronto_mayoral_election,stintz,Stintz,0.06,False
toronto_2014,2014-10-27,toronto_2014-2014-02-24-ebbbbd3a,Forum Research,2014-02-24,,"chow,rob_ford,soknacki,stintz,tory",https://en.wikipedia.org/wiki/2014_Toronto_mayoral_election,tory,Tory,0.27,False
toronto_2014,2014-10-27,toronto_2014-2014-03-13-b2122bbc,Forum Research,2014-03-13,,"chow,rob_ford,tory",https://en.wikipedia.org/wiki/2014_Toronto_mayoral_election,chow,Chow,0.38,False
toronto_2014,2014-10-27,toronto_2014-2014-03-13-b2122bbc,Forum Research,2014-03-13,,"chow,rob_ford,tory",https://en.wikipedia.org/wiki/2014_Toronto_mayoral_election,residual,Other / undecided,0.09,True
toronto_2014,2014-10-27,toronto_2014-2014-03-13-b2122bbc,Forum Research,2014-03-13,,"chow,rob_ford,tory",https://en.wikipedia.org/wiki/2014_Toronto_mayoral_election,rob_ford,R. Ford,0.28,False
toronto_2014,2014-10-27,toronto_2014-2014-03-13-b2122bbc,Forum Research,2014-03-13,,"chow,rob_ford,tory",https://en.wikipedia.org/wiki/2014_Toronto_mayoral_election,tory,Tory,0.25,False
toronto_2014,2014-10-27,toronto_2014-2014-03-13-cd5b72f3,Forum Research,2014-03-13,,"chow,rob_ford,soknacki,stintz,tory",https://en.wikipedia.org/wiki/2014_Toronto_mayoral_election,chow,Chow,0.36,False
toronto_2014,2014-10-27,toronto_2014-2014-03-13-cd5b72f3,Forum Research,2014-03-13,,"chow,rob_ford,soknacki,stintz,tory",https://en.wikipedia.org/wiki/2014_Toronto_mayoral_election,residual,Other / undecided,0.07,True
toronto_2014,2014-10-27,toronto_2014-2014-03-13-cd5b72f3,Forum Research,2014-03-13,,"chow,rob_ford,soknacki,stintz,tory",https://en.wikipedia.org/wiki/2014_Toronto_mayoral_election,rob_ford,R. Ford,0.28,False
toronto_2014,2014-10-27,toronto_2014-2014-03-13-cd5b72f3,Forum Research,2014-03-13,,"chow,rob_ford,soknacki,stintz,tory",https://en.wikipedia.org/wiki/2014_Toronto_mayoral_election,soknacki,Soknacki,0.02,False
toronto_2014,2014-10-27,toronto_2014-2014-03-13-cd5b72f3,Forum Research,2014-03-13,,"chow,rob_ford,soknacki,stintz,tory",https://en.wikipedia.org/wiki/2014_Toronto_mayoral_election,stintz,Stintz,0.05,False
toronto_2014,2014-10-27,toronto_2014-2014-03-13-cd5b72f3,Forum Research,2014-03-13,,"chow,rob_ford,soknacki,stintz,tory",https://en.wikipedia.org/wiki/2014_Toronto_mayoral_election,tory,Tory,0.22,False
toronto_2014,2014-10-27,toronto_2014-2014-03-27-2d4bc707,Forum Research,2014-03-27,,"chow,rob_ford,soknacki,stintz,tory",https://en.wikipedia.org/wiki/2014_Toronto_mayoral_election,chow,Chow,0.33,False
toronto_2014,2014-10-27,toronto_2014-2014-03-27-2d4bc707,Forum Research,2014-03-27,,"chow,rob_ford,soknacki,stintz,tory",https://en.wikipedia.org/wiki/2014_Toronto_mayoral_election,residual,Other / undecided,0.05,True
toronto_2014,2014-10-27,toronto_2014-2014-03-27-2d4bc707,Forum Research,2014-03-27,,"chow,rob_ford,soknacki,stintz,tory",https://en.wikipedia.org/wiki/2014_Toronto_mayoral_election,rob_ford,R. Ford,0.32,False
toronto_2014,2014-10-27,toronto_2014-2014-03-27-2d4bc707,Forum Research,2014-03-27,,"chow,rob_ford,soknacki,stintz,tory",https://en.wikipedia.org/wiki/2014_Toronto_mayoral_election,soknacki,Soknacki,0.04,False
toronto_2014,2014-10-27,toronto_2014-2014-03-27-2d4bc707,Forum Research,2014-03-27,,"chow,rob_ford,soknacki,stintz,tory",https://en.wikipedia.org/wiki/2014_Toronto_mayoral_election,stintz,Stintz,0.05,False
toronto_2014,2014-10-27,toronto_2014-2014-03-27-2d4bc707,Forum Research,2014-03-27,,"chow,rob_ford,soknacki,stintz,tory",https://en.wikipedia.org/wiki/2014_Toronto_mayoral_election,tory,Tory,0.21,False
toronto_2014,2014-10-27,toronto_2014-2014-03-27-da2b1b5d,Forum Research,2014-03-27,,"chow,soknacki,stintz,tory",https://en.wikipedia.org/wiki/2014_Toronto_mayoral_election,chow,Chow,0.34,False
toronto_2014,2014-10-27,toronto_2014-2014-03-27-da2b1b5d,Forum Research,2014-03-27,,"chow,soknacki,stintz,tory",https://en.wikipedia.org/wiki/2014_Toronto_mayoral_election,residual,Other / undecided,0.22,True
toronto_2014,2014-10-27,toronto_2014-2014-03-27-da2b1b5d,Forum Research,2014-03-27,,"chow,soknacki,stintz,tory",https://en.wikipedia.org/wiki/2014_Toronto_mayoral_election,soknacki,Soknacki,0.05,False
toronto_2014,2014-10-27,toronto_2014-2014-03-27-da2b1b5d,Forum Research,2014-03-27,,"chow,soknacki,stintz,tory",https://en.wikipedia.org/wiki/2014_Toronto_mayoral_election,stintz,Stintz,0.07,False
toronto_2014,2014-10-27,toronto_2014-2014-03-27-da2b1b5d,Forum Research,2014-03-27,,"chow,soknacki,stintz,tory",https://en.wikipedia.org/wiki/2014_Toronto_mayoral_election,tory,Tory,0.32,False
toronto_2014,2014-10-27,toronto_2014-2014-04-14-21adb36a,Forum Research,2014-04-14,,"chow,soknacki,stintz,tory",https://en.wikipedia.org/wiki/2014_Toronto_mayoral_election,chow,Chow,0.38,False
toronto_2014,2014-10-27,toronto_2014-2014-04-14-21adb36a,Forum Research,2014-04-14,,"chow,soknacki,stintz,tory",https://en.wikipedia.org/wiki/2014_Toronto_mayoral_election,residual,Other / undecided,0.21,True
toronto_2014,2014-10-27,toronto_2014-2014-04-14-21adb36a,Forum Research,2014-04-14,,"chow,soknacki,stintz,tory",https://en.wikipedia.org/wiki/2014_Toronto_mayoral_election,soknacki,Soknacki,0.05,False
toronto_2014,2014-10-27,toronto_2014-2014-04-14-21adb36a,Forum Research,2014-04-14,,"chow,soknacki,stintz,tory",https://en.wikipedia.org/wiki/2014_Toronto_mayoral_election,stintz,Stintz,0.05,False
toronto_2014,2014-10-27,toronto_2014-2014-04-14-21adb36a,Forum Research,2014-04-14,,"chow,soknacki,stintz,tory",https://en.wikipedia.org/wiki/2014_Toronto_mayoral_election,tory,Tory,0.31,False
toronto_2014,2014-10-27,toronto_2014-2014-04-14-6b1c4967,Forum Research,2014-04-14,,"chow,rob_ford,soknacki,stintz,tory",https://en.wikipedia.org/wiki/2014_Toronto_mayoral_election,chow,Chow,0.34,False
toronto_2014,2014-10-27,toronto_2014-2014-04-14-6b1c4967,Forum Research,2014-04-14,,"chow,rob_ford,soknacki,stintz,tory",https://en.wikipedia.org/wiki/2014_Toronto_mayoral_election,residual,Other / undecided,0.05,True
toronto_2014,2014-10-27,toronto_2014-2014-04-14-6b1c4967,Forum Research,2014-04-14,,"chow,rob_ford,soknacki,stintz,tory",https://en.wikipedia.org/wiki/2014_Toronto_mayoral_election,rob_ford,R. Ford,0.27,False
toronto_2014,2014-10-27,toronto_2014-2014-04-14-6b1c4967,Forum Research,2014-04-14,,"chow,rob_ford,soknacki,stintz,tory",https://en.wikipedia.org/wiki/2014_Toronto_mayoral_election,soknacki,Soknacki,0.04,False
toronto_2014,2014-10-27,toronto_2014-2014-04-14-6b1c4967,Forum Research,2014-04-14,,"chow,rob_ford,soknacki,stintz,tory",https://en.wikipedia.org/wiki/2014_Toronto_mayoral_election,stintz,Stintz,0.06,False
toronto_2014,2014-10-27,toronto_2014-2014-04-14-6b1c4967,Forum Research,2014-04-14,,"chow,rob_ford,soknacki,stintz,tory",https://en.wikipedia.org/wiki/2014_Toronto_mayoral_election,tory,Tory,0.24,False
toronto_2014,2014-10-27,toronto_2014-2014-04-14-6de26188,Forum Research,2014-04-14,,"chow,rob_ford,tory",https://en.wikipedia.org/wiki/2014_Toronto_mayoral_election,chow,Chow,0.36,False
toronto_2014,2014-10-27,toronto_2014-2014-04-14-6de26188,Forum Research,2014-04-14,,"chow,rob_ford,tory",https://en.wikipedia.org/wiki/2014_Toronto_mayoral_election,residual,Other / undecided,0.05,True
toronto_2014,2014-10-27,toronto_2014-2014-04-14-6de26188,Forum Research,2014-04-14,,"chow,rob_ford,tory",https://en.wikipedia.org/wiki/2014_Toronto_mayoral_election,rob_ford,R. Ford,0.3,False
toronto_2014,2014-10-27,toronto_2014-2014-04-14-6de26188,Forum Research,2014-04-14,,"chow,rob_ford,tory",https://en.wikipedia.org/wiki/2014_Toronto_mayoral_election,tory,Tory,0.29,False
toronto_2014,2014-10-27,toronto_2014-2014-05-01-63bee463,Forum Research,2014-05-01,,"chow,rob_ford,soknacki,stintz,tory",https://en.wikipedia.org/wiki/2014_Toronto_mayoral_election,chow,Chow,0.33,False
toronto_2014,2014-10-27,toronto_2014-2014-05-01-63bee463,Forum Research,2014-05-01,,"chow,rob_ford,soknacki,stintz,tory",https://en.wikipedia.org/wiki/2014_Toronto_mayoral_election,residual,Other / undecided,0.07,True
toronto_2014,2014-10-27,toronto_2014-2014-05-01-63bee463,Forum Research,2014-05-01,,"chow,rob_ford,soknacki,stintz,tory",https://en.wikipedia.org/wiki/2014_Toronto_mayoral_election,rob_ford,R. Ford,0.22,False
toronto_2014,2014-10-27,toronto_2014-2014-05-01-63bee463,Forum Research,2014-05-01,,"chow,rob_ford,soknacki,stintz,tory",https://en.wikipedia.org/wiki/2014_Toronto_mayoral_election,soknacki,Soknacki,0.05,False
toronto_2014,2014-10-27,toronto_2014-2014-05-01-63bee463,Forum Research,2014-05-01,,"chow,rob_ford,soknacki,stintz,tory",https://en.wikipedia.org/wiki/2014_Toronto_mayoral_election,stintz,Stintz,0.06,False
toronto_2014,2014-10-27,toronto_2014-2014-05-01-63bee463,Forum Research,2014-05-01,,"chow,rob_ford,soknacki,stintz,tory",https://en.wikipedia.org/wiki/2014_Toronto_mayoral_election,tory,Tory,0.27,False
toronto_2014,2014-10-27,toronto_2014-2014-05-01-e88f6159,Forum Research,2014-05-01,,"chow,soknacki,stintz,tory",https://en.wikipedia.org/wiki/2014_Toronto_mayoral_election,chow,Chow,0.34,False
toronto_2014,2014-10-27,toronto_2014-2014-05-01-e88f6159,Forum Research,2014-05-01,,"chow,soknacki,stintz,tory",https://en.wikipedia.org/wiki/2014_Toronto_mayoral_election,residual,Other / undecided,0.22,True
toronto_2014,2014-10-27,toronto_2014-2014-05-01-e88f6159,Forum Research,2014-05-01,,"chow,soknacki,stintz,tory",https://en.wikipedia.org/wiki/2014_Toronto_mayoral_election,soknacki,Soknacki,0.06,False
toronto_2014,2014-10-27,toronto_2014-2014-05-01-e88f6159,Forum Research,2014-05-01,,"chow,soknacki,stintz,tory",https://en.wikipedia.org/wiki/2014_Toronto_mayoral_election,stintz,Stintz,0.06,False
toronto_2014,2014-10-27,toronto_2014-2014-05-01-e88f6159,Forum Research,2014-05-01,,"chow,soknacki,stintz,tory",https://en.wikipedia.org/wiki/2014_Toronto_mayoral_election,tory,Tory,0.32,False
toronto_2014,2014-10-27,toronto_2014-2014-05-01-ef18a380,Forum Research,2014-05-01,,"chow,rob_ford,tory",https://en.wikipedia.org/wiki/2014_Toronto_mayoral_election,chow,Chow,0.396,False
toronto_2014,2014-10-27,toronto_2014-2014-05-01-ef18a380,Forum Research,2014-05-01,,"chow,rob_ford,tory",https://en.wikipedia.org/wiki/2014_Toronto_mayoral_election,residual,Other / undecided,0.0693,True
toronto_2014,2014-10-27,toronto_2014-2014-05-01-ef18a380,Forum Research,2014-05-01,,"chow,rob_ford,tory",https://en.wikipedia.org/wiki/2014_Toronto_mayoral_election,rob_ford,R. Ford,0.2475,False
toronto_2014,2014-10-27,toronto_2014-2014-05-01-ef18a380,Forum Research,2014-05-01,,"chow,rob_ford,tory",https://en.wikipedia.org/wiki/2014_Toronto_mayoral_election,tory,Tory,0.2871,False
toronto_2014,2014-10-27,toronto_2014-2014-05-21-33505da6,Forum Research,2014-05-21,,"chow,rob_ford,soknacki,stintz,tory",https://en.wikipedia.org/wiki/2014_Toronto_mayoral_election,chow,Chow,0.36,False
toronto_2014,2014-10-27,toronto_2014-2014-05-21-33505da6,Forum Research,2014-05-21,,"chow,rob_ford,soknacki,stintz,tory",https://en.wikipedia.org/wiki/2014_Toronto_mayoral_election,residual,Other / undecided,0.07,True
toronto_2014,2014-10-27,toronto_2014-2014-05-21-33505da6,Forum Research,2014-05-21,,"chow,rob_ford,soknacki,stintz,tory",https://en.wikipedia.org/wiki/2014_Toronto_mayoral_election,rob_ford,R. Ford,0.24,False
toronto_2014,2014-10-27,toronto_2014-2014-05-21-33505da6,Forum Research,2014-05-21,,"chow,rob_ford,soknacki,stintz,tory",https://en.wikipedia.org/wiki/2014_Toronto_mayoral_election,soknacki,Soknacki,0.03,False
toronto_2014,2014-10-27,toronto_2014-2014-05-21-33505da6,Forum Research,2014-05-21,,"chow,rob_ford,soknacki,stintz,tory",https://en.wikipedia.org/wiki/2014_Toronto_mayoral_election,stintz,Stintz,0.03,False
toronto_2014,2014-10-27,toronto_2014-2014-05-21-33505da6,Forum Research,2014-05-21,,"chow,rob_ford,soknacki,stintz,tory",https://en.wikipedia.org/wiki/2014_Toronto_mayoral_election,tory,Tory,0.27,False
toronto_2014,2014-10-27,toronto_2014-2014-05-21-3fd183ff,Forum Research,2014-05-21,,"chow,soknacki,stintz,tory",https://en.wikipedia.org/wiki/2014_Toronto_mayoral_election,chow,Chow,0.37,False
toronto_2014,2014-10-27,toronto_2014-2014-05-21-3fd183ff,Forum Research,2014-05-21,,"chow,soknacki,stintz,tory",https://en.wikipedia.org/wiki/2014_Toronto_mayoral_election,residual,Other / undecided,0.29,True
toronto_2014,2014-10-27,toronto_2014-2014-05-21-3fd183ff,Forum Research,2014-05-21,,"chow,soknacki,stintz,tory",https://en.wikipedia.org/wiki/2014_Toronto_mayoral_election,soknacki,Soknacki,0.04,False
toronto_2014,2014-10-27,toronto_2014-2014-05-21-3fd183ff,Forum Research,2014-05-21,,"chow,soknacki,stintz,tory",https://en.wikipedia.org/wiki/2014_Toronto_mayoral_election,stintz,Stintz,0.04,False
toronto_2014,2014-10-27,toronto_2014-2014-05-21-3fd183ff,Forum Research,2014-05-21,,"chow,soknacki,stintz,tory",https://en.wikipedia.org/wiki/2014_Toronto_mayoral_election,tory,Tory,0.26,False
toronto_2014,2014-10-27,toronto_2014-2014-05-21-49c9ea8d,Forum Research,2014-05-21,,"chow,soknacki,stintz,tory",https://en.wikipedia.org/wiki/2014_Toronto_mayoral_election,chow,Chow,0.39,False
toronto_2014,2014-10-27,toronto_2014-2014-05-21-49c9ea8d,Forum Research,2014-05-21,,"chow,soknacki,stintz,tory",https://en.wikipedia.org/wiki/2014_Toronto_mayoral_election,residual,Other / undecided,0.15,True
toronto_2014,2014-10-27,toronto_2014-2014-05-21-49c9ea8d,Forum Research,2014-05-21,,"chow,soknacki,stintz,tory",https://en.wikipedia.org/wiki/2014_Toronto_mayoral_election,soknacki,Soknacki,0.06,False
toronto_2014,2014-10-27,toronto_2014-2014-05-21-49c9ea8d,Forum Research,2014-05-21,,"chow,soknacki,stintz,tory",https://en.wikipedia.org/wiki/2014_Toronto_mayoral_election,stintz,Stintz,0.04,False
toronto_2014,2014-10-27,toronto_2014-2014-05-21-49c9ea8d,Forum Research,2014-05-21,,"chow,soknacki,stintz,tory",https://en.wikipedia.org/wiki/2014_Toronto_mayoral_election,tory,Tory,0.36,False
toronto_2014,2014-10-27,toronto_2014-2014-05-21-5bacb559,Forum Research,2014-05-21,,"chow,rob_ford,tory",https://en.wikipedia.org/wiki/2014_Toronto_mayoral_election,chow,Chow,0.36,False
toronto_2014,2014-10-27,toronto_2014-2014-05-21-5bacb559,Forum Research,2014-05-21,,"chow,rob_ford,tory",https://en.wikipedia.org/wiki/2014_Toronto_mayoral_election,residual,Other / undecided,0.06,True
toronto_2014,2014-10-27,toronto_2014-2014-05-21-5bacb559,Forum Research,2014-05-21,,"chow,rob_ford,tory",https://en.wikipedia.org/wiki/2014_Toronto_mayoral_election,rob_ford,R. Ford,0.27,False
toronto_2014,2014-10-27,toronto_2014-2014-05-21-5bacb559,Forum Research,2014-05-21,,"chow,rob_ford,tory",https://en.wikipedia.org/wiki/2014_Toronto_mayoral_election,tory,Tory,0.31,False
toronto_2014,2014-10-27,toronto_2014-2014-05-21-bc54549a,Forum Research,2014-05-21,,"chow,tory",https://en.wikipedia.org/wiki/2014_Toronto_mayoral_election,chow,Chow,0.4,False
toronto_2014,2014-10-27,toronto_2014-2014-05-21-bc54549a,Forum Research,2014-05-21,,"chow,tory",https://en.wikipedia.org/wiki/2014_Toronto_mayoral_election,residual,Other / undecided,0.29,True
toronto_2014,2014-10-27,toronto_2014-2014-05-21-bc54549a,Forum Research,2014-05-21,,"chow,tory",https://en.wikipedia.org/wiki/2014_Toronto_mayoral_election,tory,Tory,0.31,False
toronto_2014,2014-10-27,toronto_2014-2014-05-21-f67470d1,Forum Research,2014-05-21,,"chow,soknacki,stintz,tory",https://en.wikipedia.org/wiki/2014_Toronto_mayoral_election,chow,Chow,0.396,False
toronto_2014,2014-10-27,toronto_2014-2014-05-21-f67470d1,Forum Research,2014-05-21,,"chow,soknacki,stintz,tory",https://en.wikipedia.org/wiki/2014_Toronto_mayoral_election,residual,Other / undecided,0.1881,True
toronto_2014,2014-10-27,toronto_2014-2014-05-21-f67470d1,Forum Research,2014-05-21,,"chow,soknacki,stintz,tory",https://en.wikipedia.org/wiki/2014_Toronto_mayoral_election,soknacki,Soknacki,0.0495,False
toronto_2014,2014-10-27,toronto_2014-2014-05-21-f67470d1,Forum Research,2014-05-21,,"chow,soknacki,stintz,tory",https://en.wikipedia.org/wiki/2014_Toronto_mayoral_election,stintz,Stintz,0.0396,False
toronto_2014,2014-10-27,toronto_2014-2014-05-21-f67470d1,Forum Research,2014-05-21,,"chow,soknacki,stintz,tory",https://en.wikipedia.org/wiki/2014_Toronto_mayoral_election,tory,Tory,0.3267,False
toronto_2014,2014-10-27,toronto_2014-2014-06-23-76b204a0,Forum Research,2014-06-23,,"chow,rob_ford,tory",https://en.wikipedia.org/wiki/2014_Toronto_mayoral_election,chow,Chow,0.37,False
toronto_2014,2014-10-27,toronto_2014-2014-06-23-76b204a0,Forum Research,2014-06-23,,"chow,rob_ford,tory",https://en.wikipedia.org/wiki/2014_Toronto_mayoral_election,residual,Other / undecided,0.06,True
toronto_2014,2014-10-27,toronto_2014-2014-06-23-76b204a0,Forum Research,2014-06-23,,"chow,rob_ford,tory",https://en.wikipedia.org/wiki/2014_Toronto_mayoral_election,rob_ford,R. Ford,0.28,False
toronto_2014,2014-10-27,toronto_2014-2014-06-23-76b204a0,Forum Research,2014-06-23,,"chow,rob_ford,tory",https://en.wikipedia.org/wiki/2014_Toronto_mayoral_election,tory,Tory,0.29,False
toronto_2014,2014-10-27,toronto_2014-2014-06-23-7e968ba6,Forum Research,2014-06-23,,"chow,rob_ford,soknacki,stintz,tory",https://en.wikipedia.org/wiki/2014_Toronto_mayoral_election,chow,Chow,0.34,False
toronto_2014,2014-10-27,toronto_2014-2014-06-23-7e968ba6,Forum Research,2014-06-23,,"chow,rob_ford,soknacki,stintz,tory",https://en.wikipedia.org/wiki/2014_Toronto_mayoral_election,residual,Other / undecided,0.06,True
toronto_2014,2014-10-27,toronto_2014-2014-06-23-7e968ba6,Forum Research,2014-06-23,,"chow,rob_ford,soknacki,stintz,tory",https://en.wikipedia.org/wiki/2014_Toronto_mayoral_election,rob_ford,R. Ford,0.27,False
toronto_2014,2014-10-27,toronto_2014-2014-06-23-7e968ba6,Forum Research,2014-06-23,,"chow,rob_ford,soknacki,stintz,tory",https://en.wikipedia.org/wiki/2014_Toronto_mayoral_election,soknacki,Soknacki,0.06,False
toronto_2014,2014-10-27,toronto_2014-2014-06-23-7e968ba6,Forum Research,2014-06-23,,"chow,rob_ford,soknacki,stintz,tory",https://en.wikipedia.org/wiki/2014_Toronto_mayoral_election,stintz,Stintz,0.03,False
toronto_2014,2014-10-27,toronto_2014-2014-06-23-7e968ba6,Forum Research,2014-06-23,,"chow,rob_ford,soknacki,stintz,tory",https://en.wikipedia.org/wiki/2014_Toronto_mayoral_election,tory,Tory,0.24,False
toronto_2014,2014-10-27,toronto_2014-2014-06-23-9f6d6da3,Forum Research,2014-06-23,,"chow,tory",https://en.wikipedia.org/wiki/2014_Toronto_mayoral_election,chow,Chow,0.42,False
toronto_2014,2014-10-27,toronto_2014-2014-06-23-9f6d6da3,Forum Research,2014-06-23,,"chow,tory",https://en.wikipedia.org/wiki/2014_Toronto_mayoral_election,residual,Other / undecided,0.18,True
toronto_2014,2014-10-27,toronto_2014-2014-06-23-9f6d6da3,Forum Research,2014-06-23,,"chow,tory",https://en.wikipedia.org/wiki/2014_Toronto_mayoral_election,tory,Tory,0.4,False
toronto_2014,2014-10-27,toronto_2014-2014-06-23-e45dd43a,Forum Research,2014-06-23,,"chow,soknacki,stintz,tory",https://en.wikipedia.org/wiki/2014_Toronto_mayoral_election,chow,Chow,0.36,False
toronto_2014,2014-10-27,toronto_2014-2014-06-23-e45dd43a,Forum Research,2014-06-23,,"chow,soknacki,stintz,tory",https://en.wikipedia.org/wiki/2014_Toronto_mayoral_election,residual,Other / undecided,0.17,True
toronto_2014,2014-10-27,toronto_2014-2014-06-23-e45dd43a,Forum Research,2014-06-23,,"chow,soknacki,stintz,tory",https://en.wikipedia.org/wiki/2014_Toronto_mayoral_election,soknacki,Soknacki,0.08,False
toronto_2014,2014-10-27,toronto_2014-2014-06-23-e45dd43a,Forum Research,2014-06-23,,"chow,soknacki,stintz,tory",https://en.wikipedia.org/wiki/2014_Toronto_mayoral_election,stintz,Stintz,0.05,False
toronto_2014,2014-10-27,toronto_2014-2014-06-23-e45dd43a,Forum Research,2014-06-23,,"chow,soknacki,stintz,tory",https://en.wikipedia.org/wiki/2014_Toronto_mayoral_election,tory,Tory,0.34,False
toronto_2014,2014-10-27,toronto_2014-2014-07-02-30237a62,Forum Research,2014-07-02,,"chow,tory",https://en.wikipedia.org/wiki/2014_Toronto_mayoral_election,chow,Chow,0.4,False
toronto_2014,2014-10-27,toronto_2014-2014-07-02-30237a62,Forum Research,2014-07-02,,"chow,tory",https://en.wikipedia.org/wiki/2014_Toronto_mayoral_election,residual,Other / undecided,0.18,True
toronto_2014,2014-10-27,toronto_2014-2014-07-02-30237a62,Forum Research,2014-07-02,,"chow,tory",https://en.wikipedia.org/wiki/2014_Toronto_mayoral_election,tory,Tory,0.42,False
toronto_2014,2014-10-27,toronto_2014-2014-07-02-7afc20a5,Forum Research,2014-07-02,,"chow,rob_ford,tory",https://en.wikipedia.org/wiki/2014_Toronto_mayoral_election,chow,Chow,0.38,False
toronto_2014,2014-10-27,toronto_2014-2014-07-02-7afc20a5,Forum Research,2014-07-02,,"chow,rob_ford,tory",https://en.wikipedia.org/wiki/2014_Toronto_mayoral_election,residual,Other / undecided,0.04,True
toronto_2014,2014-10-27,toronto_2014-2014-07-02-7afc20a5,Forum Research,2014-07-02,,"chow,rob_ford,tory",https://en.wikipedia.org/wiki/2014_Toronto_mayoral_election,rob_ford,R. Ford,0.28,False
toronto_2014,2014-10-27,toronto_2014-2014-07-02-7afc20a5,Forum Research,2014-07-02,,"chow,rob_ford,tory",https://en.wikipedia.org/wiki/2014_Toronto_mayoral_election,tory,Tory,0.3,False
toronto_2014,2014-10-27,toronto_2014-2014-07-02-810c9dea,Forum Research,2014-07-02,,"chow,rob_ford,soknacki,stintz,tory",https://en.wikipedia.org/wiki/2014_Toronto_mayoral_election,chow,Chow,0.36,False
toronto_2014,2014-10-27,toronto_2014-2014-07-02-810c9dea,Forum Research,2014-07-02,,"chow,rob_ford,soknacki,stintz,tory",https://en.wikipedia.org/wiki/2014_Toronto_mayoral_election,residual,Other / undecided,0.04,True
toronto_2014,2014-10-27,toronto_2014-2014-07-02-810c9dea,Forum Research,2014-07-02,,"chow,rob_ford,soknacki,stintz,tory",https://en.wikipedia.org/wiki/2014_Toronto_mayoral_election,rob_ford,R. Ford,0.26,False
toronto_2014,2014-10-27,toronto_2014-2014-07-02-810c9dea,Forum Research,2014-07-02,,"chow,rob_ford,soknacki,stintz,tory",https://en.wikipedia.org/wiki/2014_Toronto_mayoral_election,soknacki,Soknacki,0.04,False
toronto_2014,2014-10-27,toronto_2014-2014-07-02-810c9dea,Forum Research,2014-07-02,,"chow,rob_ford,soknacki,stintz,tory",https://en.wikipedia.org/wiki/2014_Toronto_mayoral_election,stintz,Stintz,0.03,False
toronto_2014,2014-10-27,toronto_2014-2014-07-02-810c9dea,Forum Research,2014-07-02,,"chow,rob_ford,soknacki,stintz,tory",https://en.wikipedia.org/wiki/2014_Toronto_mayoral_election,tory,Tory,0.27,False
toronto_2014,2014-10-27,toronto_2014-2014-07-02-f0332833,Forum Research,2014-07-02,,"chow,soknacki,stintz,tory",https://en.wikipedia.org/wiki/2014_Toronto_mayoral_election,chow,Chow,0.36,False
toronto_2014,2014-10-27,toronto_2014-2014-07-02-f0332833,Forum Research,2014-07-02,,"chow,soknacki,stintz,tory",https://en.wikipedia.org/wiki/2014_Toronto_mayoral_election,residual,Other / undecided,0.18,True
toronto_2014,2014-10-27,toronto_2014-2014-07-02-f0332833,Forum Research,2014-07-02,,"chow,soknacki,stintz,tory",https://en.wikipedia.org/wiki/2014_Toronto_mayoral_election,soknacki,Soknacki,0.04,False
toronto_2014,2014-10-27,toronto_2014-2014-07-02-f0332833,Forum Research,2014-07-02,,"chow,soknacki,stintz,tory",https://en.wikipedia.org/wiki/2014_Toronto_mayoral_election,stintz,Stintz,0.04,False
toronto_2014,2014-10-27,toronto_2014-2014-07-02-f0332833,Forum Research,2014-07-02,,"chow,soknacki,stintz,tory",https://en.wikipedia.org/wiki/2014_Toronto_mayoral_election,tory,Tory,0.38,False
toronto_2014,2014-10-27,toronto_2014-2014-07-05-8095cb7d,Nanos Research,2014-07-05,,"chow,rob_ford,soknacki,stintz,tory",https://en.wikipedia.org/wiki/2014_Toronto_mayoral_election,chow,Chow,0.165,False
toronto_2014,2014-10-27,toronto_2014-2014-07-05-8095cb7d,Nanos Research,2014-07-05,,"chow,rob_ford,soknacki,stintz,tory",https://en.wikipedia.org/wiki/2014_Toronto_mayoral_election,residual,Other / undecided,0.01,True
toronto_2014,2014-10-27,toronto_2014-2014-07-05-8095cb7d,Nanos Research,2014-07-05,,"chow,rob_ford,soknacki,stintz,tory",https://en.wikipedia.org/wiki/2014_Toronto_mayoral_election,rob_ford,R. Ford,0.11,False
toronto_2014,2014-10-27,toronto_2014-2014-07-05-8095cb7d,Nanos Research,2014-07-05,,"chow,rob_ford,soknacki,stintz,tory",https://en.wikipedia.org/wiki/2014_Toronto_mayoral_election,soknacki,Soknacki,0.5,False
toronto_2014,2014-10-27,toronto_2014-2014-07-05-8095cb7d,Nanos Research,2014-07-05,,"chow,rob_ford,soknacki,stintz,tory",https://en.wikipedia.org/wiki/2014_Toronto_mayoral_election,stintz,Stintz,0.02,False
toronto_2014,2014-10-27,toronto_2014-2014-07-05-8095cb7d,Nanos Research,2014-07-05,,"chow,rob_ford,soknacki,stintz,tory",https://en.wikipedia.org/wiki/2014_Toronto_mayoral_election,tory,Tory,0.195,False
toronto_2014,2014-10-27,toronto_2014-2014-07-21-83f8db7a,Forum Research,2014-07-21,,"chow,rob_ford,tory",https://en.wikipedia.org/wiki/2014_Toronto_mayoral_election,chow,Chow,0.35,False
toronto_2014,2014-10-27,toronto_2014-2014-07-21-83f8db7a,Forum Research,2014-07-21,,"chow,rob_ford,tory",https://en.wikipedia.org/wiki/2014_Toronto_mayoral_election,residual,Other / undecided,0.06,True
toronto_2014,2014-10-27,toronto_2014-2014-07-21-83f8db7a,Forum Research,2014-07-21,,"chow,rob_ford,tory",https://en.wikipedia.org/wiki/2014_Toronto_mayoral_election,rob_ford,R. Ford,0.27,False
toronto_2014,2014-10-27,toronto_2014-2014-07-21-83f8db7a,Forum Research,2014-07-21,,"chow,rob_ford,tory",https://en.wikipedia.org/wiki/2014_Toronto_mayoral_election,tory,Tory,0.32,False
toronto_2014,2014-10-27,toronto_2014-2014-07-21-8e6e3f76,Forum Research,2014-07-21,,"chow,rob_ford,soknacki,stintz,tory",https://en.wikipedia.org/wiki/2014_Toronto_mayoral_election,chow,Chow,0.29,False
toronto_2014,2014-10-27,toronto_2014-2014-07-21-8e6e3f76,Forum Research,2014-07-21,,"chow,rob_ford,soknacki,stintz,tory",https://en.wikipedia.org/wiki/2014_Toronto_mayoral_election,residual,Other / undecided,0.06,True
toronto_2014,2014-10-27,toronto_2014-2014-07-21-8e6e3f76,Forum Research,2014-07-21,,"chow,rob_ford,soknacki,stintz,tory",https://en.wikipedia.org/wiki/2014_Toronto_mayoral_election,rob_ford,R. Ford,0.27,False
toronto_2014,2014-10-27,toronto_2014-2014-07-21-8e6e3f76,Forum Research,2014-07-21,,"chow,rob_ford,soknacki,stintz,tory",https://en.wikipedia.org/wiki/2014_Toronto_mayoral_election,soknacki,Soknacki,0.05,False
toronto_2014,2014-10-27,toronto_2014-2014-07-21-8e6e3f76,Forum Research,2014-07-21,,"chow,rob_ford,soknacki,stintz,tory",https://en.wikipedia.org/wiki/2014_Toronto_mayoral_election,stintz,Stintz,0.05,False
toronto_2014,2014-10-27,toronto_2014-2014-07-21-8e6e3f76,Forum Research,2014-07-21,,"chow,rob_ford,soknacki,stintz,tory",https://en.wikipedia.org/wiki/2014_Toronto_mayoral_election,tory,Tory,0.28,False
toronto_2014,2014-10-27,toronto_2014-2014-07-30-68013cdd,Maple Leaf Strategies,2014-07-30,,"chow,rob_ford,soknacki,stintz,tory",https://en.wikipedia.org/wiki/2014_Toronto_mayoral_election,chow,Chow,0.3069,False
toronto_2014,2014-10-27,toronto_2014-2014-07-30-68013cdd,Maple Leaf Strategies,2014-07-30,,"chow,rob_ford,soknacki,stintz,tory",https://en.wikipedia.org/wiki/2014_Toronto_mayoral_election,residual,Other / undecided,0.0,True
toronto_2014,2014-10-27,toronto_2014-2014-07-30-68013cdd,Maple Leaf Strategies,2014-07-30,,"chow,rob_ford,soknacki,stintz,tory",https://en.wikipedia.org/wiki/2014_Toronto_mayoral_election,rob_ford,R. Ford,0.2673,False
toronto_2014,2014-10-27,toronto_2014-2014-07-30-68013cdd,Maple Leaf Strategies,2014-07-30,,"chow,rob_ford,soknacki,stintz,tory",https://en.wikipedia.org/wiki/2014_Toronto_mayoral_election,soknacki,Soknacki,0.0396,False
toronto_2014,2014-10-27,toronto_2014-2014-07-30-68013cdd,Maple Leaf Strategies,2014-07-30,,"chow,rob_ford,soknacki,stintz,tory",https://en.wikipedia.org/wiki/2014_Toronto_mayoral_election,stintz,Stintz,0.0396,False
toronto_2014,2014-10-27,toronto_2014-2014-07-30-68013cdd,Maple Leaf Strategies,2014-07-30,,"chow,rob_ford,soknacki,stintz,tory",https://en.wikipedia.org/wiki/2014_Toronto_mayoral_election,tory,Tory,0.3465,False
toronto_2014,2014-10-27,toronto_2014-2014-07-30-c9871872,Maple Leaf Strategies,2014-07-30,,"chow,rob_ford,soknacki,stintz,tory",https://en.wikipedia.org/wiki/2014_Toronto_mayoral_election,chow,Chow,0.26,False
toronto_2014,2014-10-27,toronto_2014-2014-07-30-c9871872,Maple Leaf Strategies,2014-07-30,,"chow,rob_ford,soknacki,stintz,tory",https://en.wikipedia.org/wiki/2014_Toronto_mayoral_election,residual,Other / undecided,0.15,True
toronto_2014,2014-10-27,toronto_2014-2014-07-30-c9871872,Maple Leaf Strategies,2014-07-30,,"chow,rob_ford,soknacki,stintz,tory",https://en.wikipedia.org/wiki/2014_Toronto_mayoral_election,rob_ford,R. Ford,0.23,False
toronto_2014,2014-10-27,toronto_2014-2014-07-30-c9871872,Maple Leaf Strategies,2014-07-30,,"chow,rob_ford,soknacki,stintz,tory",https://en.wikipedia.org/wiki/2014_Toronto_mayoral_election,soknacki,Soknacki,0.03,False
toronto_2014,2014-10-27,toronto_2014-2014-07-30-c9871872,Maple Leaf Strategies,2014-07-30,,"chow,rob_ford,soknacki,stintz,tory",https://en.wikipedia.org/wiki/2014_Toronto_mayoral_election,stintz,Stintz,0.03,False
toronto_2014,2014-10-27,toronto_2014-2014-07-30-c9871872,Maple Leaf Strategies,2014-07-30,,"chow,rob_ford,soknacki,stintz,tory",https://en.wikipedia.org/wiki/2014_Toronto_mayoral_election,tory,Tory,0.3,False
toronto_2014,2014-10-27,toronto_2014-2014-08-06-52196426,Forum Research,2014-08-06,,"chow,rob_ford,soknacki,stintz,tory",https://en.wikipedia.org/wiki/2014_Toronto_mayoral_election,chow,Chow,0.25,False
toronto_2014,2014-10-27,toronto_2014-2014-08-06-52196426,Forum Research,2014-08-06,,"chow,rob_ford,soknacki,stintz,tory",https://en.wikipedia.org/wiki/2014_Toronto_mayoral_election,residual,Other / undecided,0.04,True
toronto_2014,2014-10-27,toronto_2014-2014-08-06-52196426,Forum Research,2014-08-06,,"chow,rob_ford,soknacki,stintz,tory",https://en.wikipedia.org/wiki/2014_Toronto_mayoral_election,rob_ford,R. Ford,0.27,False
toronto_2014,2014-10-27,toronto_2014-2014-08-06-52196426,Forum Research,2014-08-06,,"chow,rob_ford,soknacki,stintz,tory",https://en.wikipedia.org/wiki/2014_Toronto_mayoral_election,soknacki,Soknacki,0.05,False
toronto_2014,2014-10-27,toronto_2014-2014-08-06-52196426,Forum Research,2014-08-06,,"chow,rob_ford,soknacki,stintz,tory",https://en.wikipedia.org/wiki/2014_Toronto_mayoral_election,stintz,Stintz,0.04,False
toronto_2014,2014-10-27,toronto_2014-2014-08-06-52196426,Forum Research,2014-08-06,,"chow,rob_ford,soknacki,stintz,tory",https://en.wikipedia.org/wiki/2014_Toronto_mayoral_election,tory,Tory,0.35,False
toronto_2014,2014-10-27,toronto_2014-2014-08-06-820ca818,Forum Research,2014-08-06,,"chow,rob_ford,tory",https://en.wikipedia.org/wiki/2014_Toronto_mayoral_election,chow,Chow,0.28,False
toronto_2014,2014-10-27,toronto_2014-2014-08-06-820ca818,Forum Research,2014-08-06,,"chow,rob_ford,tory",https://en.wikipedia.org/wiki/2014_Toronto_mayoral_election,residual,Other / undecided,0.04,True
toronto_2014,2014-10-27,toronto_2014-2014-08-06-820ca818,Forum Research,2014-08-06,,"chow,rob_ford,tory",https://en.wikipedia.org/wiki/2014_Toronto_mayoral_election,rob_ford,R. Ford,0.3,False
toronto_2014,2014-10-27,toronto_2014-2014-08-06-820ca818,Forum Research,2014-08-06,,"chow,rob_ford,tory",https://en.wikipedia.org/wiki/2014_Toronto_mayoral_election,tory,Tory,0.38,False
toronto_2014,2014-10-27,toronto_2014-2014-08-26-066ea1b6,Forum Research,2014-08-26,,"chow,rob_ford,soknacki,tory",https://en.wikipedia.org/wiki/2014_Toronto_mayoral_election,chow,Chow,0.23,False
toronto_2014,2014-10-27,toronto_2014-2014-08-26-066ea1b6,Forum Research,2014-08-26,,"chow,rob_ford,soknacki,tory",https://en.wikipedia.org/wiki/2014_Toronto_mayoral_election,residual,Other / undecided,0.08,True
toronto_2014,2014-10-27,toronto_2014-2014-08-26-066ea1b6,Forum Research,2014-08-26,,"chow,rob_ford,soknacki,tory",https://en.wikipedia.org/wiki/2014_Toronto_mayoral_election,rob_ford,R. Ford,0.31,False
toronto_2014,2014-10-27,toronto_2014-2014-08-26-066ea1b6,Forum Research,2014-08-26,,"chow,rob_ford,soknacki,tory",https://en.wikipedia.org/wiki/2014_Toronto_mayoral_election,soknacki,Soknacki,0.04,False
toronto_2014,2014-10-27,toronto_2014-2014-08-26-066ea1b6,Forum Research,2014-08-26,,"chow,rob_ford,soknacki,tory",https://en.wikipedia.org/wiki/2014_Toronto_mayoral_election,tory,Tory,0.34,False
toronto_2014,2014-10-27,toronto_2014-2014-08-26-82a7f606,Forum Research,2014-08-26,,"chow,rob_ford,tory",https://en.wikipedia.org/wiki/2014_Toronto_mayoral_election,chow,Chow,0.26,False
toronto_2014,2014-10-27,toronto_2014-2014-08-26-82a7f606,Forum Research,2014-08-26,,"chow,rob_ford,tory",https://en.wikipedia.org/wiki/2014_Toronto_mayoral_election,residual,Other / undecided,0.07,True
toronto_2014,2014-10-27,toronto_2014-2014-08-26-82a7f606,Forum Research,2014-08-26,,"chow,rob_ford,tory",https://en.wikipedia.org/wiki/2014_Toronto_mayoral_election,rob_ford,R. Ford,0.31,False
toronto_2014,2014-10-27,toronto_2014-2014-08-26-82a7f606,Forum Research,2014-08-26,,"chow,rob_ford,tory",https://en.wikipedia.org/wiki/2014_Toronto_mayoral_election,tory,Tory,0.36,False
toronto_2014,2014-10-27,toronto_2014-2014-08-31-0ebf8dc2,Nanos Research,2014-08-31,,"chow,rob_ford,soknacki,tory",https://en.wikipedia.org/wiki/2014_Toronto_mayoral_election,chow,Chow,0.1307,False
toronto_2014,2014-10-27,toronto_2014-2014-08-31-0ebf8dc2,Nanos Research,2014-08-31,,"chow,rob_ford,soknacki,tory",https://en.wikipedia.org/wiki/2014_Toronto_mayoral_election,residual,Other / undecided,0.5025,True
toronto_2014,2014-10-27,toronto_2014-2014-08-31-0ebf8dc2,Nanos Research,2014-08-31,,"chow,rob_ford,soknacki,tory",https://en.wikipedia.org/wiki/2014_Toronto_mayoral_election,rob_ford,R. Ford,0.1407,False
toronto_2014,2014-10-27,toronto_2014-2014-08-31-0ebf8dc2,Nanos Research,2014-08-31,,"chow,rob_ford,soknacki,tory",https://en.wikipedia.org/wiki/2014_Toronto_mayoral_election,soknacki,Soknacki,0.0151,False
toronto_2014,2014-10-27,toronto_2014-2014-08-31-0ebf8dc2,Nanos Research,2014-08-31,,"chow,rob_ford,soknacki,tory",https://en.wikipedia.org/wiki/2014_Toronto_mayoral_election,tory,Tory,0.2111,False
toronto_2014,2014-10-27,toronto_2014-2014-08-31-615d57f4,Nanos Research,2014-08-31,,"chow,rob_ford,soknacki,tory",https://en.wikipedia.org/wiki/2014_Toronto_mayoral_election,chow,Chow,0.1061,False
toronto_2014,2014-10-27,toronto_2014-2014-08-31-615d57f4,Nanos Research,2014-08-31,,"chow,rob_ford,soknacki,tory",https://en.wikipedia.org/wiki/2014_Toronto_mayoral_election,residual,Other / undecided,0.5909,True
toronto_2014,2014-10-27,toronto_2014-2014-08-31-615d57f4,Nanos Research,2014-08-31,,"chow,rob_ford,soknacki,tory",https://en.wikipedia.org/wiki/2014_Toronto_mayoral_election,rob_ford,R. Ford,0.1162,False
toronto_2014,2014-10-27,toronto_2014-2014-08-31-615d57f4,Nanos Research,2014-08-31,,"chow,rob_ford,soknacki,tory",https://en.wikipedia.org/wiki/2014_Toronto_mayoral_election,soknacki,Soknacki,0.0152,False
toronto_2014,2014-10-27,toronto_2014-2014-08-31-615d57f4,Nanos Research,2014-08-31,,"chow,rob_ford,soknacki,tory",https://en.wikipedia.org/wiki/2014_Toronto_mayoral_election,tory,Tory,0.1717,False
toronto_2014,2014-10-27,toronto_2014-2014-09-08-98eb25b6,Forum Research,2014-09-08,,"rob_ford,tory",https://en.wikipedia.org/wiki/2014_Toronto_mayoral_election,residual,Other / undecided,0.13,True
toronto_2014,2014-10-27,toronto_2014-2014-09-08-98eb25b6,Forum Research,2014-09-08,,"rob_ford,tory",https://en.wikipedia.org/wiki/2014_Toronto_mayoral_election,rob_ford,R. Ford,0.3,False
toronto_2014,2014-10-27,toronto_2014-2014-09-08-98eb25b6,Forum Research,2014-09-08,,"rob_ford,tory",https://en.wikipedia.org/wiki/2014_Toronto_mayoral_election,tory,Tory,0.57,False
toronto_2014,2014-10-27,toronto_2014-2014-09-08-b82e0bbf,Forum Research,2014-09-08,,"chow,rob_ford,tory",https://en.wikipedia.org/wiki/2014_Toronto_mayoral_election,chow,Chow,0.24,False
toronto_2014,2014-10-27,toronto_2014-2014-09-08-b82e0bbf,Forum Research,2014-09-08,,"chow,rob_ford,tory",https://en.wikipedia.org/wiki/2014_Toronto_mayoral_election,residual,Other / undecided,0.05,True
toronto_2014,2014-10-27,toronto_2014-2014-09-08-b82e0bbf,Forum Research,2014-09-08,,"chow,rob_ford,tory",https://en.wikipedia.org/wiki/2014_Toronto_mayoral_election,rob_ford,R. Ford,0.3,False
toronto_2014,2014-10-27,toronto_2014-2014-09-08-b82e0bbf,Forum Research,2014-09-08,,"chow,rob_ford,tory",https://en.wikipedia.org/wiki/2014_Toronto_mayoral_election,tory,Tory,0.41,False
toronto_2014,2014-10-27,toronto_2014-2014-09-08-dd81d126,Forum Research,2014-09-08,,"chow,rob_ford,soknacki,tory",https://en.wikipedia.org/wiki/2014_Toronto_mayoral_election,chow,Chow,0.1055,False
toronto_2014,2014-10-27,toronto_2014-2014-09-08-dd81d126,Forum Research,2014-09-08,,"chow,rob_ford,soknacki,tory",https://en.wikipedia.org/wiki/2014_Toronto_mayoral_election,residual,Other / undecided,0.5226,True
toronto_2014,2014-10-27,toronto_2014-2014-09-08-dd81d126,Forum Research,2014-09-08,,"chow,rob_ford,soknacki,tory",https://en.wikipedia.org/wiki/2014_Toronto_mayoral_election,rob_ford,R. Ford,0.1407,False
toronto_2014,2014-10-27,toronto_2014-2014-09-08-dd81d126,Forum Research,2014-09-08,,"chow,rob_ford,soknacki,tory",https://en.wikipedia.org/wiki/2014_Toronto_mayoral_election,soknacki,Soknacki,0.0302,False
toronto_2014,2014-10-27,toronto_2014-2014-09-08-dd81d126,Forum Research,2014-09-08,,"chow,rob_ford,soknacki,tory",https://en.wikipedia.org/wiki/2014_Toronto_mayoral_election,tory,Tory,0.201,False
toronto_2014,2014-10-27,toronto_2014-2014-09-12-0f52b317,Mainstreet Technologies,2014-09-12,,"chow,doug_ford,tory",https://en.wikipedia.org/wiki/2014_Toronto_mayoral_election,chow,Chow,0.3,False
toronto_2014,2014-10-27,toronto_2014-2014-09-12-0f52b317,Mainstreet Technologies,2014-09-12,,"chow,doug_ford,tory",https://en.wikipedia.org/wiki/2014_Toronto_mayoral_election,doug_ford,D. Ford,0.18,False
toronto_2014,2014-10-27,toronto_2014-2014-09-12-0f52b317,Mainstreet Technologies,2014-09-12,,"chow,doug_ford,tory",https://en.wikipedia.org/wiki/2014_Toronto_mayoral_election,residual,Other / undecided,0.01,True
toronto_2014,2014-10-27,toronto_2014-2014-09-12-0f52b317,Mainstreet Technologies,2014-09-12,,"chow,doug_ford,tory",https://en.wikipedia.org/wiki/2014_Toronto_mayoral_election,tory,Tory,0.51,False
toronto_2014,2014-10-27,toronto_2014-2014-09-12-6d6a07d5,Forum Research,2014-09-12,,"chow,doug_ford,tory",https://en.wikipedia.org/wiki/2014_Toronto_mayoral_election,chow,Chow,0.19,False
toronto_2014,2014-10-27,toronto_2014-2014-09-12-6d6a07d5,Forum Research,2014-09-12,,"chow,doug_ford,tory",https://en.wikipedia.org/wiki/2014_Toronto_mayoral_election,doug_ford,D. Ford,0.34,False
toronto_2014,2014-10-27,toronto_2014-2014-09-12-6d6a07d5,Forum Research,2014-09-12,,"chow,doug_ford,tory",https://en.wikipedia.org/wiki/2014_Toronto_mayoral_election,residual,Other / undecided,0.06,True
toronto_2014,2014-10-27,toronto_2014-2014-09-12-6d6a07d5,Forum Research,2014-09-12,,"chow,doug_ford,tory",https://en.wikipedia.org/wiki/2014_Toronto_mayoral_election,tory,Tory,0.41,False
toronto_2014,2014-10-27,toronto_2014-2014-09-12-97920e4e,Mainstreet Technologies,2014-09-12,,"chow,doug_ford,tory",https://en.wikipedia.org/wiki/2014_Toronto_mayoral_election,chow,Chow,0.2673,False
toronto_2014,2014-10-27,toronto_2014-2014-09-12-97920e4e,Mainstreet Technologies,2014-09-12,,"chow,doug_ford,tory",https://en.wikipedia.org/wiki/2014_Toronto_mayoral_election,doug_ford,D. Ford,0.1584,False
toronto_2014,2014-10-27,toronto_2014-2014-09-12-97920e4e,Mainstreet Technologies,2014-09-12,,"chow,doug_ford,tory",https://en.wikipedia.org/wiki/2014_Toronto_mayoral_election,residual,Other / undecided,0.1287,True
toronto_2014,2014-10-27,toronto_2014-2014-09-12-97920e4e,Mainstreet Technologies,2014-09-12,,"chow,doug_ford,tory",https://en.wikipedia.org/wiki/2014_Toronto_mayoral_election,tory,Tory,0.4455,False
toronto_2014,2014-10-27,toronto_2014-2014-09-16-2b8087b6,Ipsos-Reid,2014-09-16,,"chow,doug_ford,tory",https://en.wikipedia.org/wiki/2014_Toronto_mayoral_election,chow,Chow,0.29,False
toronto_2014,2014-10-27,toronto_2014-2014-09-16-2b8087b6,Ipsos-Reid,2014-09-16,,"chow,doug_ford,tory",https://en.wikipedia.org/wiki/2014_Toronto_mayoral_election,doug_ford,D. Ford,0.28,False
toronto_2014,2014-10-27,toronto_2014-2014-09-16-2b8087b6,Ipsos-Reid,2014-09-16,,"chow,doug_ford,tory",https://en.wikipedia.org/wiki/2014_Toronto_mayoral_election,residual,Other / undecided,0.0,True
toronto_2014,2014-10-27,toronto_2014-2014-09-16-2b8087b6,Ipsos-Reid,2014-09-16,,"chow,doug_ford,tory",https://en.wikipedia.org/wiki/2014_Toronto_mayoral_election,tory,Tory,0.43,False
toronto_2014,2014-10-27,toronto_2014-2014-09-20-149cf9eb,Nanos Research,2014-09-20,,"chow,doug_ford,tory",https://en.wikipedia.org/wiki/2014_Toronto_mayoral_election,chow,Chow,0.2178,False
toronto_2014,2014-10-27,toronto_2014-2014-09-20-149cf9eb,Nanos Research,2014-09-20,,"chow,doug_ford,tory",https://en.wikipedia.org/wiki/2014_Toronto_mayoral_election,doug_ford,D. Ford,0.2475,False
toronto_2014,2014-10-27,toronto_2014-2014-09-20-149cf9eb,Nanos Research,2014-09-20,,"chow,doug_ford,tory",https://en.wikipedia.org/wiki/2014_Toronto_mayoral_election,residual,Other / undecided,0.0792,True
toronto_2014,2014-10-27,toronto_2014-2014-09-20-149cf9eb,Nanos Research,2014-09-20,,"chow,doug_ford,tory",https://en.wikipedia.org/wiki/2014_Toronto_mayoral_election,tory,Tory,0.4554,False
toronto_2014,2014-10-27,toronto_2014-2014-09-20-8da2bbf6,Nanos Research,2014-09-20,,"chow,doug_ford,tory",https://en.wikipedia.org/wiki/2014_Toronto_mayoral_election,chow,Chow,0.24,False
toronto_2014,2014-10-27,toronto_2014-2014-09-20-8da2bbf6,Nanos Research,2014-09-20,,"chow,doug_ford,tory",https://en.wikipedia.org/wiki/2014_Toronto_mayoral_election,doug_ford,D. Ford,0.27,False
toronto_2014,2014-10-27,toronto_2014-2014-09-20-8da2bbf6,Nanos Research,2014-09-20,,"chow,doug_ford,tory",https://en.wikipedia.org/wiki/2014_Toronto_mayoral_election,residual,Other / undecided,0.0,True
toronto_2014,2014-10-27,toronto_2014-2014-09-20-8da2bbf6,Nanos Research,2014-09-20,,"chow,doug_ford,tory",https://en.wikipedia.org/wiki/2014_Toronto_mayoral_election,tory,Tory,0.49,False
toronto_2014,2014-10-27,toronto_2014-2014-09-21-0b625aeb,Mainstreet Technologies,2014-09-21,,"chow,doug_ford,tory",https://en.wikipedia.org/wiki/2014_Toronto_mayoral_election,chow,Chow,0.25,False
toronto_2014,2014-10-27,toronto_2014-2014-09-21-0b625aeb,Mainstreet Technologies,2014-09-21,,"chow,doug_ford,tory",https://en.wikipedia.org/wiki/2014_Toronto_mayoral_election,doug_ford,D. Ford,0.23,False
toronto_2014,2014-10-27,toronto_2014-2014-09-21-0b625aeb,Mainstreet Technologies,2014-09-21,,"chow,doug_ford,tory",https://en.wikipedia.org/wiki/2014_Toronto_mayoral_election,residual,Other / undecided,0.12,True
toronto_2014,2014-10-27,toronto_2014-2014-09-21-0b625aeb,Mainstreet Technologies,2014-09-21,,"chow,doug_ford,tory",https://en.wikipedia.org/wiki/2014_Toronto_mayoral_election,tory,Tory,0.4,False
toronto_2014,2014-10-27,toronto_2014-2014-09-21-fc3831be,Mainstreet Technologies,2014-09-21,,"chow,doug_ford,tory",https://en.wikipedia.org/wiki/2014_Toronto_mayoral_election,chow,Chow,0.28,False
toronto_2014,2014-10-27,toronto_2014-2014-09-21-fc3831be,Mainstreet Technologies,2014-09-21,,"chow,doug_ford,tory",https://en.wikipedia.org/wiki/2014_Toronto_mayoral_election,doug_ford,D. Ford,0.26,False
toronto_2014,2014-10-27,toronto_2014-2014-09-21-fc3831be,Mainstreet Technologies,2014-09-21,,"chow,doug_ford,tory",https://en.wikipedia.org/wiki/2014_Toronto_mayoral_election,residual,Other / undecided,0.0,True
toronto_2014,2014-10-27,toronto_2014-2014-09-21-fc3831be,Mainstreet Technologies,2014-09-21,,"chow,doug_ford,tory",https://en.wikipedia.org/wiki/2014_Toronto_mayoral_election,tory,Tory,0.46,False
toronto_2014,2014-10-27,toronto_2014-2014-09-22-19304bb9,Forum Research,2014-09-22,,"chow,doug_ford,tory",https://en.wikipedia.org/wiki/2014_Toronto_mayoral_election,chow,Chow,0.24,False
toronto_2014,2014-10-27,toronto_2014-2014-09-22-19304bb9,Forum Research,2014-09-22,,"chow,doug_ford,tory",https://en.wikipedia.org/wiki/2014_Toronto_mayoral_election,doug_ford,D. Ford,0.3,False
toronto_2014,2014-10-27,toronto_2014-2014-09-22-19304bb9,Forum Research,2014-09-22,,"chow,doug_ford,tory",https://en.wikipedia.org/wiki/2014_Toronto_mayoral_election,residual,Other / undecided,0.08,True
toronto_2014,2014-10-27,toronto_2014-2014-09-22-19304bb9,Forum Research,2014-09-22,,"chow,doug_ford,tory",https://en.wikipedia.org/wiki/2014_Toronto_mayoral_election,tory,Tory,0.38,False
toronto_2014,2014-10-27,toronto_2014-2014-09-22-19782e6d,Forum Research,2014-09-22,,"chow,doug_ford,tory",https://en.wikipedia.org/wiki/2014_Toronto_mayoral_election,chow,Chow,0.1263,False
toronto_2014,2014-10-27,toronto_2014-2014-09-22-19782e6d,Forum Research,2014-09-22,,"chow,doug_ford,tory",https://en.wikipedia.org/wiki/2014_Toronto_mayoral_election,doug_ford,D. Ford,0.1566,False
toronto_2014,2014-10-27,toronto_2014-2014-09-22-19782e6d,Forum Research,2014-09-22,,"chow,doug_ford,tory",https://en.wikipedia.org/wiki/2014_Toronto_mayoral_election,residual,Other / undecided,0.5253,True
toronto_2014,2014-10-27,toronto_2014-2014-09-22-19782e6d,Forum Research,2014-09-22,,"chow,doug_ford,tory",https://en.wikipedia.org/wiki/2014_Toronto_mayoral_election,tory,Tory,0.1919,False
toronto_2014,2014-10-27,toronto_2014-2014-09-26-ffa3584b,Ipsos-Reid,2014-09-26,,"chow,doug_ford,tory",https://en.wikipedia.org/wiki/2014_Toronto_mayoral_election,chow,Chow,0.26,False
toronto_2014,2014-10-27,toronto_2014-2014-09-26-ffa3584b,Ipsos-Reid,2014-09-26,,"chow,doug_ford,tory",https://en.wikipedia.org/wiki/2014_Toronto_mayoral_election,doug_ford,D. Ford,0.26,False
toronto_2014,2014-10-27,toronto_2014-2014-09-26-ffa3584b,Ipsos-Reid,2014-09-26,,"chow,doug_ford,tory",https://en.wikipedia.org/wiki/2014_Toronto_mayoral_election,residual,Other / undecided,0.0,True
toronto_2014,2014-10-27,toronto_2014-2014-09-26-ffa3584b,Ipsos-Reid,2014-09-26,,"chow,doug_ford,tory",https://en.wikipedia.org/wiki/2014_Toronto_mayoral_election,tory,Tory,0.48,False
toronto_2014,2014-10-27,toronto_2014-2014-09-28-03741d5a,Mainstreet Technologies,2014-09-28,,"chow,doug_ford,tory",https://en.wikipedia.org/wiki/2014_Toronto_mayoral_election,chow,Chow,0.21,False
toronto_2014,2014-10-27,toronto_2014-2014-09-28-03741d5a,Mainstreet Technologies,2014-09-28,,"chow,doug_ford,tory",https://en.wikipedia.org/wiki/2014_Toronto_mayoral_election,doug_ford,D. Ford,0.3,False
toronto_2014,2014-10-27,toronto_2014-2014-09-28-03741d5a,Mainstreet Technologies,2014-09-28,,"chow,doug_ford,tory",https://en.wikipedia.org/wiki/2014_Toronto_mayoral_election,residual,Other / undecided,0.12,True
toronto_2014,2014-10-27,toronto_2014-2014-09-28-03741d5a,Mainstreet Technologies,2014-09-28,,"chow,doug_ford,tory",https://en.wikipedia.org/wiki/2014_Toronto_mayoral_election,tory,Tory,0.37,False
toronto_2014,2014-10-27,toronto_2014-2014-09-28-3ea61f3e,Mainstreet Technologies,2014-09-28,,"chow,doug_ford,tory",https://en.wikipedia.org/wiki/2014_Toronto_mayoral_election,chow,Chow,0.24,False
toronto_2014,2014-10-27,toronto_2014-2014-09-28-3ea61f3e,Mainstreet Technologies,2014-09-28,,"chow,doug_ford,tory",https://en.wikipedia.org/wiki/2014_Toronto_mayoral_election,doug_ford,D. Ford,0.34,False
toronto_2014,2014-10-27,toronto_2014-2014-09-28-3ea61f3e,Mainstreet Technologies,2014-09-28,,"chow,doug_ford,tory",https://en.wikipedia.org/wiki/2014_Toronto_mayoral_election,residual,Other / undecided,0.0,True
toronto_2014,2014-10-27,toronto_2014-2014-09-28-3ea61f3e,Mainstreet Technologies,2014-09-28,,"chow,doug_ford,tory",https://en.wikipedia.org/wiki/2014_Toronto_mayoral_election,tory,Tory,0.42,False
toronto_2014,2014-10-27,toronto_2014-2014-09-29-8273cf08,Forum Research,2014-09-29,,"chow,doug_ford,tory",https://en.wikipedia.org/wiki/2014_Toronto_mayoral_election,chow,Chow,0.2,False
toronto_2014,2014-10-27,toronto_2014-2014-09-29-8273cf08,Forum Research,2014-09-29,,"chow,doug_ford,tory",https://en.wikipedia.org/wiki/2014_Toronto_mayoral_election,doug_ford,D. Ford,0.33,False
toronto_2014,2014-10-27,toronto_2014-2014-09-29-8273cf08,Forum Research,2014-09-29,,"chow,doug_ford,tory",https://en.wikipedia.org/wiki/2014_Toronto_mayoral_election,residual,Other / undecided,0.04,True
toronto_2014,2014-10-27,toronto_2014-2014-09-29-8273cf08,Forum Research,2014-09-29,,"chow,doug_ford,tory",https://en.wikipedia.org/wiki/2014_Toronto_mayoral_election,tory,Tory,0.43,False
toronto_2014,2014-10-27,toronto_2014-2014-10-05-4e73e0b7,Mainstreet Technologies,2014-10-05,,"chow,doug_ford,tory",https://en.wikipedia.org/wiki/2014_Toronto_mayoral_election,chow,Chow,0.22,False
toronto_2014,2014-10-27,toronto_2014-2014-10-05-4e73e0b7,Mainstreet Technologies,2014-10-05,,"chow,doug_ford,tory",https://en.wikipedia.org/wiki/2014_Toronto_mayoral_election,doug_ford,D. Ford,0.31,False
toronto_2014,2014-10-27,toronto_2014-2014-10-05-4e73e0b7,Mainstreet Technologies,2014-10-05,,"chow,doug_ford,tory",https://en.wikipedia.org/wiki/2014_Toronto_mayoral_election,residual,Other / undecided,0.0,True
toronto_2014,2014-10-27,toronto_2014-2014-10-05-4e73e0b7,Mainstreet Technologies,2014-10-05,,"chow,doug_ford,tory",https://en.wikipedia.org/wiki/2014_Toronto_mayoral_election,tory,Tory,0.47,False
toronto_2014,2014-10-27,toronto_2014-2014-10-05-b15e7c6a,Mainstreet Technologies,2014-10-05,,"chow,doug_ford,tory",https://en.wikipedia.org/wiki/2014_Toronto_mayoral_election,chow,Chow,0.19,False
toronto_2014,2014-10-27,toronto_2014-2014-10-05-b15e7c6a,Mainstreet Technologies,2014-10-05,,"chow,doug_ford,tory",https://en.wikipedia.org/wiki/2014_Toronto_mayoral_election,doug_ford,D. Ford,0.28,False
toronto_2014,2014-10-27,toronto_2014-2014-10-05-b15e7c6a,Mainstreet Technologies,2014-10-05,,"chow,doug_ford,tory",https://en.wikipedia.org/wiki/2014_Toronto_mayoral_election,residual,Other / undecided,0.11,True
toronto_2014,2014-10-27,toronto_2014-2014-10-05-b15e7c6a,Mainstreet Technologies,2014-10-05,,"chow,doug_ford,tory",https://en.wikipedia.org/wiki/2014_Toronto_mayoral_election,tory,Tory,0.42,False
toronto_2014,2014-10-27,toronto_2014-2014-10-06-400594e6,Forum Research,2014-10-06,,"chow,doug_ford,tory",https://en.wikipedia.org/wiki/2014_Toronto_mayoral_election,chow,Chow,0.22,False
toronto_2014,2014-10-27,toronto_2014-2014-10-06-400594e6,Forum Research,2014-10-06,,"chow,doug_ford,tory",https://en.wikipedia.org/wiki/2014_Toronto_mayoral_election,doug_ford,D. Ford,0.37,False
toronto_2014,2014-10-27,toronto_2014-2014-10-06-400594e6,Forum Research,2014-10-06,,"chow,doug_ford,tory",https://en.wikipedia.org/wiki/2014_Toronto_mayoral_election,residual,Other / undecided,0.02,True
toronto_2014,2014-10-27,toronto_2014-2014-10-06-400594e6,Forum Research,2014-10-06,,"chow,doug_ford,tory",https://en.wikipedia.org/wiki/2014_Toronto_mayoral_election,tory,Tory,0.39,False
toronto_2014,2014-10-27,toronto_2014-2014-10-14-44ca18bc,Forum Research,2014-10-14,,"chow,doug_ford,tory",https://en.wikipedia.org/wiki/2014_Toronto_mayoral_election,chow,Chow,0.23,False
toronto_2014,2014-10-27,toronto_2014-2014-10-14-44ca18bc,Forum Research,2014-10-14,,"chow,doug_ford,tory",https://en.wikipedia.org/wiki/2014_Toronto_mayoral_election,doug_ford,D. Ford,0.33,False
toronto_2014,2014-10-27,toronto_2014-2014-10-14-44ca18bc,Forum Research,2014-10-14,,"chow,doug_ford,tory",https://en.wikipedia.org/wiki/2014_Toronto_mayoral_election,residual,Other / undecided,0.05,True
toronto_2014,2014-10-27,toronto_2014-2014-10-14-44ca18bc,Forum Research,2014-10-14,,"chow,doug_ford,tory",https://en.wikipedia.org/wiki/2014_Toronto_mayoral_election,tory,Tory,0.39,False
toronto_2014,2014-10-27,toronto_2014-2014-10-17-364251db,Mainstreet Technologies,2014-10-17,,"chow,doug_ford,tory",https://en.wikipedia.org/wiki/2014_Toronto_mayoral_election,chow,Chow,0.22,False
toronto_2014,2014-10-27,toronto_2014-2014-10-17-364251db,Mainstreet Technologies,2014-10-17,,"chow,doug_ford,tory",https://en.wikipedia.org/wiki/2014_Toronto_mayoral_election,doug_ford,D. Ford,0.29,False
toronto_2014,2014-10-27,toronto_2014-2014-10-17-364251db,Mainstreet Technologies,2014-10-17,,"chow,doug_ford,tory",https://en.wikipedia.org/wiki/2014_Toronto_mayoral_election,residual,Other / undecided,0.11,True
toronto_2014,2014-10-27,toronto_2014-2014-10-17-364251db,Mainstreet Technologies,2014-10-17,,"chow,doug_ford,tory",https://en.wikipedia.org/wiki/2014_Toronto_mayoral_election,tory,Tory,0.38,False
toronto_2014,2014-10-27,toronto_2014-2014-10-17-c139fbc5,Mainstreet Technologies,2014-10-17,,"chow,doug_ford,tory",https://en.wikipedia.org/wiki/2014_Toronto_mayoral_election,chow,Chow,0.2353,False
toronto_2014,2014-10-27,toronto_2014-2014-10-17-c139fbc5,Mainstreet Technologies,2014-10-17,,"chow,doug_ford,tory",https://en.wikipedia.org/wiki/2014_Toronto_mayoral_election,doug_ford,D. Ford,0.3137,False
toronto_2014,2014-10-27,toronto_2014-2014-10-17-c139fbc5,Mainstreet Technologies,2014-10-17,,"chow,doug_ford,tory",https://en.wikipedia.org/wiki/2014_Toronto_mayoral_election,residual,Other / undecided,0.0294,True
toronto_2014,2014-10-27,toronto_2014-2014-10-17-c139fbc5,Mainstreet Technologies,2014-10-17,,"chow,doug_ford,tory",https://en.wikipedia.org/wiki/2014_Toronto_mayoral_election,tory,Tory,0.4216,False
toronto_2014,2014-10-27,toronto_2014-2014-10-20-056adce9,Forum Research,2014-10-20,,"chow,doug_ford,tory",https://en.wikipedia.org/wiki/2014_Toronto_mayoral_election,chow,Chow,0.25,False
toronto_2014,2014-10-27,toronto_2014-2014-10-20-056adce9,Forum Research,2014-10-20,,"chow,doug_ford,tory",https://en.wikipedia.org/wiki/2014_Toronto_mayoral_election,doug_ford,D. Ford,0.29,False
toronto_2014,2014-10-27,toronto_2014-2014-10-20-056adce9,Forum Research,2014-10-20,,"chow,doug_ford,tory",https://en.wikipedia.org/wiki/2014_Toronto_mayoral_election,residual,Other / undecided,0.03,True
toronto_2014,2014-10-27,toronto_2014-2014-10-20-056adce9,Forum Research,2014-10-20,,"chow,doug_ford,tory",https://en.wikipedia.org/wiki/2014_Toronto_mayoral_election,tory,Tory,0.43,False
toronto_2014,2014-10-27,toronto_2014-2014-10-23-10ff6cd1,Ipsos-Reid,2014-10-23,,"chow,doug_ford,tory",https://en.wikipedia.org/wiki/2014_Toronto_mayoral_election,chow,Chow,0.25,False
toronto_2014,2014-10-27,toronto_2014-2014-10-23-10ff6cd1,Ipsos-Reid,2014-10-23,,"chow,doug_ford,tory",https://en.wikipedia.org/wiki/2014_Toronto_mayoral_election,doug_ford,D. Ford,0.31,False
toronto_2014,2014-10-27,toronto_2014-2014-10-23-10ff6cd1,Ipsos-Reid,2014-10-23,,"chow,doug_ford,tory",https://en.wikipedia.org/wiki/2014_Toronto_mayoral_election,residual,Other / undecided,0.02,True
toronto_2014,2014-10-27,toronto_2014-2014-10-23-10ff6cd1,Ipsos-Reid,2014-10-23,,"chow,doug_ford,tory",https://en.wikipedia.org/wiki/2014_Toronto_mayoral_election,tory,Tory,0.42,False
toronto_2014,2014-10-27,toronto_2014-2014-10-23-402c55fc,Mainstreet Technologies,2014-10-23,,"chow,doug_ford,tory",https://en.wikipedia.org/wiki/2014_Toronto_mayoral_election,chow,Chow,0.2,False
toronto_2014,2014-10-27,toronto_2014-2014-10-23-402c55fc,Mainstreet Technologies,2014-10-23,,"chow,doug_ford,tory",https://en.wikipedia.org/wiki/2014_Toronto_mayoral_election,doug_ford,D. Ford,0.32,False
toronto_2014,2014-10-27,toronto_2014-2014-10-23-402c55fc,Mainstreet Technologies,2014-10-23,,"chow,doug_ford,tory",https://en.wikipedia.org/wiki/2014_Toronto_mayoral_election,residual,Other / undecided,0.1,True
toronto_2014,2014-10-27,toronto_2014-2014-10-23-402c55fc,Mainstreet Technologies,2014-10-23,,"chow,doug_ford,tory",https://en.wikipedia.org/wiki/2014_Toronto_mayoral_election,tory,Tory,0.38,False
toronto_2014,2014-10-27,toronto_2014-2014-10-23-5e3b3a4f,Mainstreet Technologies,2014-10-23,,"chow,doug_ford,tory",https://en.wikipedia.org/wiki/2014_Toronto_mayoral_election,chow,Chow,0.2178,False
toronto_2014,2014-10-27,toronto_2014-2014-10-23-5e3b3a4f,Mainstreet Technologies,2014-10-23,,"chow,doug_ford,tory",https://en.wikipedia.org/wiki/2014_Toronto_mayoral_election,doug_ford,D. Ford,0.3366,False
toronto_2014,2014-10-27,toronto_2014-2014-10-23-5e3b3a4f,Mainstreet Technologies,2014-10-23,,"chow,doug_ford,tory",https://en.wikipedia.org/wiki/2014_Toronto_mayoral_election,residual,Other / undecided,0.0297,True
toronto_2014,2014-10-27,toronto_2014-2014-10-23-5e3b3a4f,Mainstreet Technologies,2014-10-23,,"chow,doug_ford,tory",https://en.wikipedia.org/wiki/2014_Toronto_mayoral_election,tory,Tory,0.4158,False
toronto_2014,2014-10-27,toronto_2014-2014-10-25-2382a96c,Forum Research,2014-10-25,,"chow,doug_ford,tory",https://en.wikipedia.org/wiki/2014_Toronto_mayoral_election,chow,Chow,0.21,False
toronto_2014,2014-10-27,toronto_2014-2014-10-25-2382a96c,Forum Research,2014-10-25,,"chow,doug_ford,tory",https://en.wikipedia.org/wiki/2014_Toronto_mayoral_election,doug_ford,D. Ford,0.32,False
toronto_2014,2014-10-27,toronto_2014-2014-10-25-2382a96c,Forum Research,2014-10-25,,"chow,doug_ford,tory",https://en.wikipedia.org/wiki/2014_Toronto_mayoral_election,residual,Other / undecided,0.03,True
toronto_2014,2014-10-27,toronto_2014-2014-10-25-2382a96c,Forum Research,2014-10-25,,"chow,doug_ford,tory",https://en.wikipedia.org/wiki/2014_Toronto_mayoral_election,tory,Tory,0.44,False
toronto_2018,2018-10-22,toronto_2018-2018-07-27-4dbe1c75,Forum Research,2018-07-27,,"keesmaat,tory",https://en.wikipedia.org/wiki/2018_Toronto_mayoral_election,keesmaat,Keesmaat,0.3,False
toronto_2018,2018-10-22,toronto_2018-2018-07-27-4dbe1c75,Forum Research,2018-07-27,,"keesmaat,tory",https://en.wikipedia.org/wiki/2018_Toronto_mayoral_election,residual,Other / undecided,0.0,True
toronto_2018,2018-10-22,toronto_2018-2018-07-27-4dbe1c75,Forum Research,2018-07-27,,"keesmaat,tory",https://en.wikipedia.org/wiki/2018_Toronto_mayoral_election,tory,Tory,0.7,False
toronto_2018,2018-10-22,toronto_2018-2018-08-27-ab6de01e,Forum Research,2018-08-27,,"keesmaat,tory",https://en.wikipedia.org/wiki/2018_Toronto_mayoral_election,keesmaat,Keesmaat,0.35,False
toronto_2018,2018-10-22,toronto_2018-2018-08-27-ab6de01e,Forum Research,2018-08-27,,"keesmaat,tory",https://en.wikipedia.org/wiki/2018_Toronto_mayoral_election,residual,Other / undecided,0.0,True
toronto_2018,2018-10-22,toronto_2018-2018-08-27-ab6de01e,Forum Research,2018-08-27,,"keesmaat,tory",https://en.wikipedia.org/wiki/2018_Toronto_mayoral_election,tory,Tory,0.65,False
toronto_2018,2018-10-22,toronto_2018-2018-09-05-7c405033,Mainstreet Research,2018-09-05,,"keesmaat,tory",https://en.wikipedia.org/wiki/2018_Toronto_mayoral_election,keesmaat,Keesmaat,0.2772,False
toronto_2018,2018-10-22,toronto_2018-2018-09-05-7c405033,Mainstreet Research,2018-09-05,,"keesmaat,tory",https://en.wikipedia.org/wiki/2018_Toronto_mayoral_election,residual,Other / undecided,0.099,True
toronto_2018,2018-10-22,toronto_2018-2018-09-05-7c405033,Mainstreet Research,2018-09-05,,"keesmaat,tory",https://en.wikipedia.org/wiki/2018_Toronto_mayoral_election,tory,Tory,0.6238,False
toronto_2018,2018-10-22,toronto_2018-2018-09-05-87b8c045,Probit Inc.,2018-09-05,,"keesmaat,tory",https://en.wikipedia.org/wiki/2018_Toronto_mayoral_election,keesmaat,Keesmaat,0.31,False
toronto_2018,2018-10-22,toronto_2018-2018-09-05-87b8c045,Probit Inc.,2018-09-05,,"keesmaat,tory",https://en.wikipedia.org/wiki/2018_Toronto_mayoral_election,residual,Other / undecided,0.05,True
toronto_2018,2018-10-22,toronto_2018-2018-09-05-87b8c045,Probit Inc.,2018-09-05,,"keesmaat,tory",https://en.wikipedia.org/wiki/2018_Toronto_mayoral_election,tory,Tory,0.64,False
toronto_2018,2018-10-22,toronto_2018-2018-09-16-8259f99e,Mainstreet Research,2018-09-16,,"keesmaat,tory",https://en.wikipedia.org/wiki/2018_Toronto_mayoral_election,keesmaat,Keesmaat,0.26,False
toronto_2018,2018-10-22,toronto_2018-2018-09-16-8259f99e,Mainstreet Research,2018-09-16,,"keesmaat,tory",https://en.wikipedia.org/wiki/2018_Toronto_mayoral_election,residual,Other / undecided,0.12,True
toronto_2018,2018-10-22,toronto_2018-2018-09-16-8259f99e,Mainstreet Research,2018-09-16,,"keesmaat,tory",https://en.wikipedia.org/wiki/2018_Toronto_mayoral_election,tory,Tory,0.62,False
toronto_2018,2018-10-22,toronto_2018-2018-09-24-1e18acf4,Forum Research,2018-09-24,,"keesmaat,tory",https://en.wikipedia.org/wiki/2018_Toronto_mayoral_election,keesmaat,Keesmaat,0.28,False
toronto_2018,2018-10-22,toronto_2018-2018-09-24-1e18acf4,Forum Research,2018-09-24,,"keesmaat,tory",https://en.wikipedia.org/wiki/2018_Toronto_mayoral_election,residual,Other / undecided,0.16,True
toronto_2018,2018-10-22,toronto_2018-2018-09-24-1e18acf4,Forum Research,2018-09-24,,"keesmaat,tory",https://en.wikipedia.org/wiki/2018_Toronto_mayoral_election,tory,Tory,0.56,False
toronto_2018,2018-10-22,toronto_2018-2018-09-25-bd8a7f23,Mainstreet Research,2018-09-25,,"keesmaat,tory",https://en.wikipedia.org/wiki/2018_Toronto_mayoral_election,keesmaat,Keesmaat,0.31,False
toronto_2018,2018-10-22,toronto_2018-2018-09-25-bd8a7f23,Mainstreet Research,2018-09-25,,"keesmaat,tory",https://en.wikipedia.org/wiki/2018_Toronto_mayoral_election,residual,Other / undecided,0.05,True
toronto_2018,2018-10-22,toronto_2018-2018-09-25-bd8a7f23,Mainstreet Research,2018-09-25,,"keesmaat,tory",https://en.wikipedia.org/wiki/2018_Toronto_mayoral_election,tory,Tory,0.64,False
toronto_2018,2018-10-22,toronto_2018-2018-10-05-34b8524e,Forum Research,2018-10-05,,"keesmaat,tory",https://en.wikipedia.org/wiki/2018_Toronto_mayoral_election,keesmaat,Keesmaat,0.29,False
toronto_2018,2018-10-22,toronto_2018-2018-10-05-34b8524e,Forum Research,2018-10-05,,"keesmaat,tory",https://en.wikipedia.org/wiki/2018_Toronto_mayoral_election,residual,Other / undecided,0.15,True
toronto_2018,2018-10-22,toronto_2018-2018-10-05-34b8524e,Forum Research,2018-10-05,,"keesmaat,tory",https://en.wikipedia.org/wiki/2018_Toronto_mayoral_election,tory,Tory,0.56,False
toronto_2018,2018-10-22,toronto_2018-2018-10-10-1c17f752,Forum Research,2018-10-10,,"keesmaat,tory",https://en.wikipedia.org/wiki/2018_Toronto_mayoral_election,keesmaat,Keesmaat,0.29,False
toronto_2018,2018-10-22,toronto_2018-2018-10-10-1c17f752,Forum Research,2018-10-10,,"keesmaat,tory",https://en.wikipedia.org/wiki/2018_Toronto_mayoral_election,residual,Other / undecided,0.15,True
toronto_2018,2018-10-22,toronto_2018-2018-10-10-1c17f752,Forum Research,2018-10-10,,"keesmaat,tory",https://en.wikipedia.org/wiki/2018_Toronto_mayoral_election,tory,Tory,0.56,False
toronto_2018,2018-10-22,toronto_2018-2018-10-15-00471a65,DART Insight and Communications,2018-10-15,,"keesmaat,tory",https://en.wikipedia.org/wiki/2018_Toronto_mayoral_election,keesmaat,Keesmaat,0.27,False
toronto_2018,2018-10-22,toronto_2018-2018-10-15-00471a65,DART Insight and Communications,2018-10-15,,"keesmaat,tory",https://en.wikipedia.org/wiki/2018_Toronto_mayoral_election,residual,Other / undecided,0.11,True
toronto_2018,2018-10-22,toronto_2018-2018-10-15-00471a65,DART Insight and Communications,2018-10-15,,"keesmaat,tory",https://en.wikipedia.org/wiki/2018_Toronto_mayoral_election,tory,Tory,0.62,False
toronto_2022,2022-10-24,toronto_2022-2022-10-08-193526f0,Forum Research,2022-10-08,1017.0,"acton,brown,penalosa,tory",https://en.wikipedia.org/wiki/2022_Toronto_mayoral_election,acton,Blake Acton,0.06,False
toronto_2022,2022-10-24,toronto_2022-2022-10-08-193526f0,Forum Research,2022-10-08,1017.0,"acton,brown,penalosa,tory",https://en.wikipedia.org/wiki/2022_Toronto_mayoral_election,brown,Chloe Brown,0.06,False
toronto_2022,2022-10-24,toronto_2022-2022-10-08-193526f0,Forum Research,2022-10-08,1017.0,"acton,brown,penalosa,tory",https://en.wikipedia.org/wiki/2022_Toronto_mayoral_election,penalosa,Gil Penalosa,0.2,False
toronto_2022,2022-10-24,toronto_2022-2022-10-08-193526f0,Forum Research,2022-10-08,1017.0,"acton,brown,penalosa,tory",https://en.wikipedia.org/wiki/2022_Toronto_mayoral_election,residual,Other / undecided,0.12,True
toronto_2022,2022-10-24,toronto_2022-2022-10-08-193526f0,Forum Research,2022-10-08,1017.0,"acton,brown,penalosa,tory",https://en.wikipedia.org/wiki/2022_Toronto_mayoral_election,tory,John Tory,0.56,False
toronto_2023,2023-06-26,toronto_2023-2023-02-14-5a8ad8e6,Forum Research,2023-02-14,10420.0,"bailao,bradford",https://en.wikipedia.org/wiki/2023_Toronto_mayoral_by-election,bailao,Ana Bailão,0.11,False
toronto_2023,2023-06-26,toronto_2023-2023-02-14-5a8ad8e6,Forum Research,2023-02-14,10420.0,"bailao,bradford",https://en.wikipedia.org/wiki/2023_Toronto_mayoral_by-election,bradford,Brad Bradford,0.11,False
toronto_2023,2023-06-26,toronto_2023-2023-02-14-5a8ad8e6,Forum Research,2023-02-14,10420.0,"bailao,bradford",https://en.wikipedia.org/wiki/2023_Toronto_mayoral_by-election,residual,Other / undecided,0.78,True
toronto_2023,2023-06-26,toronto_2023-2023-02-14-f879a53a,Mainstreet Research,2023-02-14,19470.0,"bailao,bradford,matlow",https://en.wikipedia.org/wiki/2023_Toronto_mayoral_by-election,bailao,Ana Bailão,0.09,False
toronto_2023,2023-06-26,toronto_2023-2023-02-14-f879a53a,Mainstreet Research,2023-02-14,19470.0,"bailao,bradford,matlow",https://en.wikipedia.org/wiki/2023_Toronto_mayoral_by-election,bradford,Brad Bradford,0.07,False
toronto_2023,2023-06-26,toronto_2023-2023-02-14-f879a53a,Mainstreet Research,2023-02-14,19470.0,"bailao,bradford,matlow",https://en.wikipedia.org/wiki/2023_Toronto_mayoral_by-election,matlow,Josh Matlow,0.1,False
toronto_2023,2023-06-26,toronto_2023-2023-02-14-f879a53a,Mainstreet Research,2023-02-14,19470.0,"bailao,bradford,matlow",https://en.wikipedia.org/wiki/2023_Toronto_mayoral_by-election,residual,Other / undecided,0.74,True
toronto_2023,2023-06-26,toronto_2023-2023-02-19-b354d774,Mainstreet Research,2023-02-19,17010.0,"bailao,bradford,hunter,matlow,saunders",https://en.wikipedia.org/wiki/2023_Toronto_mayoral_by-election,bailao,Ana Bailão,0.17,False
toronto_2023,2023-06-26,toronto_2023-2023-02-19-b354d774,Mainstreet Research,2023-02-19,17010.0,"bailao,bradford,hunter,matlow,saunders",https://en.wikipedia.org/wiki/2023_Toronto_mayoral_by-election,bradford,Brad Bradford,0.09,False
toronto_2023,2023-06-26,toronto_2023-2023-02-19-b354d774,Mainstreet Research,2023-02-19,17010.0,"bailao,bradford,hunter,matlow,saunders",https://en.wikipedia.org/wiki/2023_Toronto_mayoral_by-election,hunter,Mitzie Hunter,0.15,False
toronto_2023,2023-06-26,toronto_2023-2023-02-19-b354d774,Mainstreet Research,2023-02-19,17010.0,"bailao,bradford,hunter,matlow,saunders",https://en.wikipedia.org/wiki/2023_Toronto_mayoral_by-election,matlow,Josh Matlow,0.13,False
toronto_2023,2023-06-26,toronto_2023-2023-02-19-b354d774,Mainstreet Research,2023-02-19,17010.0,"bailao,bradford,hunter,matlow,saunders",https://en.wikipedia.org/wiki/2023_Toronto_mayoral_by-election,residual,Other / undecided,0.33,True
toronto_2023,2023-06-26,toronto_2023-2023-02-19-b354d774,Mainstreet Research,2023-02-19,17010.0,"bailao,bradford,hunter,matlow,saunders",https://en.wikipedia.org/wiki/2023_Toronto_mayoral_by-election,saunders,Mark Saunders,0.13,False
toronto_2023,2023-06-26,toronto_2023-2023-03-19-1cb19f92,Mainstreet Research,2023-03-19,9850.0,"bailao,bradford,hunter,matlow,saunders",https://en.wikipedia.org/wiki/2023_Toronto_mayoral_by-election,bailao,Ana Bailão,0.22,False
toronto_2023,2023-06-26,toronto_2023-2023-03-19-1cb19f92,Mainstreet Research,2023-03-19,9850.0,"bailao,bradford,hunter,matlow,saunders",https://en.wikipedia.org/wiki/2023_Toronto_mayoral_by-election,bradford,Brad Bradford,0.06,False
toronto_2023,2023-06-26,toronto_2023-2023-03-19-1cb19f92,Mainstreet Research,2023-03-19,9850.0,"bailao,bradford,hunter,matlow,saunders",https://en.wikipedia.org/wiki/2023_Toronto_mayoral_by-election,hunter,Mitzie Hunter,0.11,False
toronto_2023,2023-06-26,toronto_2023-2023-03-19-1cb19f92,Mainstreet Research,2023-03-19,9850.0,"bailao,bradford,hunter,matlow,saunders",https://en.wikipedia.org/wiki/2023_Toronto_mayoral_by-election,matlow,Josh Matlow,0.17,False
toronto_2023,2023-06-26,toronto_2023-2023-03-19-1cb19f92,Mainstreet Research,2023-03-19,9850.0,"bailao,bradford,hunter,matlow,saunders",https://en.wikipedia.org/wiki/2023_Toronto_mayoral_by-election,residual,Other / undecided,0.36,True
toronto_2023,2023-06-26,toronto_2023-2023-03-19-1cb19f92,Mainstreet Research,2023-03-19,9850.0,"bailao,bradford,hunter,matlow,saunders",https://en.wikipedia.org/wiki/2023_Toronto_mayoral_by-election,saunders,Mark Saunders,0.08,False
toronto_2023,2023-06-26,toronto_2023-2023-03-23-9ed06eb6,Forum Research,2023-03-23,10090.0,"bailao,bradford,chow,hunter,matlow,saunders",https://en.wikipedia.org/wiki/2023_Toronto_mayoral_by-election,bailao,Ana Bailão,0.11,False
toronto_2023,2023-06-26,toronto_2023-2023-03-23-9ed06eb6,Forum Research,2023-03-23,10090.0,"bailao,bradford,chow,hunter,matlow,saunders",https://en.wikipedia.org/wiki/2023_Toronto_mayoral_by-election,bradford,Brad Bradford,0.05,False
toronto_2023,2023-06-26,toronto_2023-2023-03-23-9ed06eb6,Forum Research,2023-03-23,10090.0,"bailao,bradford,chow,hunter,matlow,saunders",https://en.wikipedia.org/wiki/2023_Toronto_mayoral_by-election,chow,Olivia Chow,0.24,False
toronto_2023,2023-06-26,toronto_2023-2023-03-23-9ed06eb6,Forum Research,2023-03-23,10090.0,"bailao,bradford,chow,hunter,matlow,saunders",https://en.wikipedia.org/wiki/2023_Toronto_mayoral_by-election,hunter,Mitzie Hunter,0.12,False
toronto_2023,2023-06-26,toronto_2023-2023-03-23-9ed06eb6,Forum Research,2023-03-23,10090.0,"bailao,bradford,chow,hunter,matlow,saunders",https://en.wikipedia.org/wiki/2023_Toronto_mayoral_by-election,matlow,Josh Matlow,0.18,False
toronto_2023,2023-06-26,toronto_2023-2023-03-23-9ed06eb6,Forum Research,2023-03-23,10090.0,"bailao,bradford,chow,hunter,matlow,saunders",https://en.wikipedia.org/wiki/2023_Toronto_mayoral_by-election,residual,Other / undecided,0.22,True
toronto_2023,2023-06-26,toronto_2023-2023-03-23-9ed06eb6,Forum Research,2023-03-23,10090.0,"bailao,bradford,chow,hunter,matlow,saunders",https://en.wikipedia.org/wiki/2023_Toronto_mayoral_by-election,saunders,Mark Saunders,0.08,False
toronto_2023,2023-06-26,toronto_2023-2023-04-03-c3a0fb42,Mainstreet Research,2023-04-03,13060.0,"bailao,bradford,chow,hunter,matlow,saunders",https://en.wikipedia.org/wiki/2023_Toronto_mayoral_by-election,bailao,Ana Bailão,0.23,False
toronto_2023,2023-06-26,toronto_2023-2023-04-03-c3a0fb42,Mainstreet Research,2023-04-03,13060.0,"bailao,bradford,chow,hunter,matlow,saunders",https://en.wikipedia.org/wiki/2023_Toronto_mayoral_by-election,bradford,Brad Bradford,0.08,False
toronto_2023,2023-06-26,toronto_2023-2023-04-03-c3a0fb42,Mainstreet Research,2023-04-03,13060.0,"bailao,bradford,chow,hunter,matlow,saunders",https://en.wikipedia.org/wiki/2023_Toronto_mayoral_by-election,chow,Olivia Chow,0.24,False
toronto_2023,2023-06-26,toronto_2023-2023-04-03-c3a0fb42,Mainstreet Research,2023-04-03,13060.0,"bailao,bradford,chow,hunter,matlow,saunders",https://en.wikipedia.org/wiki/2023_Toronto_mayoral_by-election,hunter,Mitzie Hunter,0.07,False
toronto_2023,2023-06-26,toronto_2023-2023-04-03-c3a0fb42,Mainstreet Research,2023-04-03,13060.0,"bailao,bradford,chow,hunter,matlow,saunders",https://en.wikipedia.org/wiki/2023_Toronto_mayoral_by-election,matlow,Josh Matlow,0.09,False
toronto_2023,2023-06-26,toronto_2023-2023-04-03-c3a0fb42,Mainstreet Research,2023-04-03,13060.0,"bailao,bradford,chow,hunter,matlow,saunders",https://en.wikipedia.org/wiki/2023_Toronto_mayoral_by-election,residual,Other / undecided,0.16,True
toronto_2023,2023-06-26,toronto_2023-2023-04-03-c3a0fb42,Mainstreet Research,2023-04-03,13060.0,"bailao,bradford,chow,hunter,matlow,saunders",https://en.wikipedia.org/wiki/2023_Toronto_mayoral_by-election,saunders,Mark Saunders,0.13,False
toronto_2023,2023-06-26,toronto_2023-2023-04-13-431601a9,Mainstreet Research,2023-04-13,7850.0,"bailao,bradford,chow,furey,hunter,matlow,saunders",https://en.wikipedia.org/wiki/2023_Toronto_mayoral_by-election,bailao,Ana Bailão,0.17,False
toronto_2023,2023-06-26,toronto_2023-2023-04-13-431601a9,Mainstreet Research,2023-04-13,7850.0,"bailao,bradford,chow,furey,hunter,matlow,saunders",https://en.wikipedia.org/wiki/2023_Toronto_mayoral_by-election,bradford,Brad Bradford,0.07,False
toronto_2023,2023-06-26,toronto_2023-2023-04-13-431601a9,Mainstreet Research,2023-04-13,7850.0,"bailao,bradford,chow,furey,hunter,matlow,saunders",https://en.wikipedia.org/wiki/2023_Toronto_mayoral_by-election,chow,Olivia Chow,0.16,False
toronto_2023,2023-06-26,toronto_2023-2023-04-13-431601a9,Mainstreet Research,2023-04-13,7850.0,"bailao,bradford,chow,furey,hunter,matlow,saunders",https://en.wikipedia.org/wiki/2023_Toronto_mayoral_by-election,furey,Anthony Furey,0.03,False
toronto_2023,2023-06-26,toronto_2023-2023-04-13-431601a9,Mainstreet Research,2023-04-13,7850.0,"bailao,bradford,chow,furey,hunter,matlow,saunders",https://en.wikipedia.org/wiki/2023_Toronto_mayoral_by-election,hunter,Mitzie Hunter,0.07,False
toronto_2023,2023-06-26,toronto_2023-2023-04-13-431601a9,Mainstreet Research,2023-04-13,7850.0,"bailao,bradford,chow,furey,hunter,matlow,saunders",https://en.wikipedia.org/wiki/2023_Toronto_mayoral_by-election,matlow,Josh Matlow,0.18,False
toronto_2023,2023-06-26,toronto_2023-2023-04-13-431601a9,Mainstreet Research,2023-04-13,7850.0,"bailao,bradford,chow,furey,hunter,matlow,saunders",https://en.wikipedia.org/wiki/2023_Toronto_mayoral_by-election,residual,Other / undecided,0.19,True
toronto_2023,2023-06-26,toronto_2023-2023-04-13-431601a9,Mainstreet Research,2023-04-13,7850.0,"bailao,bradford,chow,furey,hunter,matlow,saunders",https://en.wikipedia.org/wiki/2023_Toronto_mayoral_by-election,saunders,Mark Saunders,0.13,False
toronto_2023,2023-06-26,toronto_2023-2023-04-20-3df69850,Mainstreet Research,2023-04-20,10820.0,"bailao,bradford,chow,hunter,matlow,saunders",https://en.wikipedia.org/wiki/2023_Toronto_mayoral_by-election,bailao,Ana Bailão,0.19,False
toronto_2023,2023-06-26,toronto_2023-2023-04-20-3df69850,Mainstreet Research,2023-04-20,10820.0,"bailao,bradford,chow,hunter,matlow,saunders",https://en.wikipedia.org/wiki/2023_Toronto_mayoral_by-election,bradford,Brad Bradford,0.07,False
toronto_2023,2023-06-26,toronto_2023-2023-04-20-3df69850,Mainstreet Research,2023-04-20,10820.0,"bailao,bradford,chow,hunter,matlow,saunders",https://en.wikipedia.org/wiki/2023_Toronto_mayoral_by-election,chow,Olivia Chow,0.23,False
toronto_2023,2023-06-26,toronto_2023-2023-04-20-3df69850,Mainstreet Research,2023-04-20,10820.0,"bailao,bradford,chow,hunter,matlow,saunders",https://en.wikipedia.org/wiki/2023_Toronto_mayoral_by-election,hunter,Mitzie Hunter,0.07,False
toronto_2023,2023-06-26,toronto_2023-2023-04-20-3df69850,Mainstreet Research,2023-04-20,10820.0,"bailao,bradford,chow,hunter,matlow,saunders",https://en.wikipedia.org/wiki/2023_Toronto_mayoral_by-election,matlow,Josh Matlow,0.18,False
toronto_2023,2023-06-26,toronto_2023-2023-04-20-3df69850,Mainstreet Research,2023-04-20,10820.0,"bailao,bradford,chow,hunter,matlow,saunders",https://en.wikipedia.org/wiki/2023_Toronto_mayoral_by-election,residual,Other / undecided,0.12,True
toronto_2023,2023-06-26,toronto_2023-2023-04-20-3df69850,Mainstreet Research,2023-04-20,10820.0,"bailao,bradford,chow,hunter,matlow,saunders",https://en.wikipedia.org/wiki/2023_Toronto_mayoral_by-election,saunders,Mark Saunders,0.14,False
toronto_2023,2023-06-26,toronto_2023-2023-04-22-99e92736,Liaison Strategies,2023-04-22,12640.0,"bailao,bradford,chow,furey,hunter,matlow,saunders",https://en.wikipedia.org/wiki/2023_Toronto_mayoral_by-election,bailao,Ana Bailão,0.0891,False
toronto_2023,2023-06-26,toronto_2023-2023-04-22-99e92736,Liaison Strategies,2023-04-22,12640.0,"bailao,bradford,chow,furey,hunter,matlow,saunders",https://en.wikipedia.org/wiki/2023_Toronto_mayoral_by-election,bradford,Brad Bradford,0.1089,False
toronto_2023,2023-06-26,toronto_2023-2023-04-22-99e92736,Liaison Strategies,2023-04-22,12640.0,"bailao,bradford,chow,furey,hunter,matlow,saunders",https://en.wikipedia.org/wiki/2023_Toronto_mayoral_by-election,chow,Olivia Chow,0.2277,False
toronto_2023,2023-06-26,toronto_2023-2023-04-22-99e92736,Liaison Strategies,2023-04-22,12640.0,"bailao,bradford,chow,furey,hunter,matlow,saunders",https://en.wikipedia.org/wiki/2023_Toronto_mayoral_by-election,furey,Anthony Furey,0.0099,False
toronto_2023,2023-06-26,toronto_2023-2023-04-22-99e92736,Liaison Strategies,2023-04-22,12640.0,"bailao,bradford,chow,furey,hunter,matlow,saunders",https://en.wikipedia.org/wiki/2023_Toronto_mayoral_by-election,hunter,Mitzie Hunter,0.0891,False
toronto_2023,2023-06-26,toronto_2023-2023-04-22-99e92736,Liaison Strategies,2023-04-22,12640.0,"bailao,bradford,chow,furey,hunter,matlow,saunders",https://en.wikipedia.org/wiki/2023_Toronto_mayoral_by-election,matlow,Josh Matlow,0.2079,False
toronto_2023,2023-06-26,toronto_2023-2023-04-22-99e92736,Liaison Strategies,2023-04-22,12640.0,"bailao,bradford,chow,furey,hunter,matlow,saunders",https://en.wikipedia.org/wiki/2023_Toronto_mayoral_by-election,residual,Other / undecided,0.0792,True
toronto_2023,2023-06-26,toronto_2023-2023-04-22-99e92736,Liaison Strategies,2023-04-22,12640.0,"bailao,bradford,chow,furey,hunter,matlow,saunders",https://en.wikipedia.org/wiki/2023_Toronto_mayoral_by-election,saunders,Mark Saunders,0.1881,False
toronto_2023,2023-06-26,toronto_2023-2023-04-26-60f8ec78,Forum Research,2023-04-26,10220.0,"bailao,bradford,chow,hunter,matlow,saunders",https://en.wikipedia.org/wiki/2023_Toronto_mayoral_by-election,bailao,Ana Bailão,0.1,False
toronto_2023,2023-06-26,toronto_2023-2023-04-26-60f8ec78,Forum Research,2023-04-26,10220.0,"bailao,bradford,chow,hunter,matlow,saunders",https://en.wikipedia.org/wiki/2023_Toronto_mayoral_by-election,bradford,Brad Bradford,0.07,False
toronto_2023,2023-06-26,toronto_2023-2023-04-26-60f8ec78,Forum Research,2023-04-26,10220.0,"bailao,bradford,chow,hunter,matlow,saunders",https://en.wikipedia.org/wiki/2023_Toronto_mayoral_by-election,chow,Olivia Chow,0.32,False
toronto_2023,2023-06-26,toronto_2023-2023-04-26-60f8ec78,Forum Research,2023-04-26,10220.0,"bailao,bradford,chow,hunter,matlow,saunders",https://en.wikipedia.org/wiki/2023_Toronto_mayoral_by-election,hunter,Mitzie Hunter,0.07,False
toronto_2023,2023-06-26,toronto_2023-2023-04-26-60f8ec78,Forum Research,2023-04-26,10220.0,"bailao,bradford,chow,hunter,matlow,saunders",https://en.wikipedia.org/wiki/2023_Toronto_mayoral_by-election,matlow,Josh Matlow,0.14,False
toronto_2023,2023-06-26,toronto_2023-2023-04-26-60f8ec78,Forum Research,2023-04-26,10220.0,"bailao,bradford,chow,hunter,matlow,saunders",https://en.wikipedia.org/wiki/2023_Toronto_mayoral_by-election,residual,Other / undecided,0.17,True
toronto_2023,2023-06-26,toronto_2023-2023-04-26-60f8ec78,Forum Research,2023-04-26,10220.0,"bailao,bradford,chow,hunter,matlow,saunders",https://en.wikipedia.org/wiki/2023_Toronto_mayoral_by-election,saunders,Mark Saunders,0.13,False
toronto_2023,2023-06-26,toronto_2023-2023-04-26-a07c911c,Mainstreet Research,2023-04-26,9960.0,"bailao,bradford,chow,hunter,matlow,saunders",https://en.wikipedia.org/wiki/2023_Toronto_mayoral_by-election,bailao,Ana Bailão,0.2178,False
toronto_2023,2023-06-26,toronto_2023-2023-04-26-a07c911c,Mainstreet Research,2023-04-26,9960.0,"bailao,bradford,chow,hunter,matlow,saunders",https://en.wikipedia.org/wiki/2023_Toronto_mayoral_by-election,bradford,Brad Bradford,0.0891,False
toronto_2023,2023-06-26,toronto_2023-2023-04-26-a07c911c,Mainstreet Research,2023-04-26,9960.0,"bailao,bradford,chow,hunter,matlow,saunders",https://en.wikipedia.org/wiki/2023_Toronto_mayoral_by-election,chow,Olivia Chow,0.2574,False
toronto_2023,2023-06-26,toronto_2023-2023-04-26-a07c911c,Mainstreet Research,2023-04-26,9960.0,"bailao,bradford,chow,hunter,matlow,saunders",https://en.wikipedia.org/wiki/2023_Toronto_mayoral_by-election,hunter,Mitzie Hunter,0.0495,False
toronto_2023,2023-06-26,toronto_2023-2023-04-26-a07c911c,Mainstreet Research,2023-04-26,9960.0,"bailao,bradford,chow,hunter,matlow,saunders",https://en.wikipedia.org/wiki/2023_Toronto_mayoral_by-election,matlow,Josh Matlow,0.1386,False
toronto_2023,2023-06-26,toronto_2023-2023-04-26-a07c911c,Mainstreet Research,2023-04-26,9960.0,"bailao,bradford,chow,hunter,matlow,saunders",https://en.wikipedia.org/wiki/2023_Toronto_mayoral_by-election,residual,Other / undecided,0.1386,True
toronto_2023,2023-06-26,toronto_2023-2023-04-26-a07c911c,Mainstreet Research,2023-04-26,9960.0,"bailao,bradford,chow,hunter,matlow,saunders",https://en.wikipedia.org/wiki/2023_Toronto_mayoral_by-election,saunders,Mark Saunders,0.1089,False
toronto_2023,2023-06-26,toronto_2023-2023-04-29-27c4faed,Liaison Strategies,2023-04-29,12530.0,"bailao,bradford,chow,furey,hunter,matlow,saunders",https://en.wikipedia.org/wiki/2023_Toronto_mayoral_by-election,bailao,Ana Bailão,0.0693,False
toronto_2023,2023-06-26,toronto_2023-2023-04-29-27c4faed,Liaison Strategies,2023-04-29,12530.0,"bailao,bradford,chow,furey,hunter,matlow,saunders",https://en.wikipedia.org/wiki/2023_Toronto_mayoral_by-election,bradford,Brad Bradford,0.099,False
toronto_2023,2023-06-26,toronto_2023-2023-04-29-27c4faed,Liaison Strategies,2023-04-29,12530.0,"bailao,bradford,chow,furey,hunter,matlow,saunders",https://en.wikipedia.org/wiki/2023_Toronto_mayoral_by-election,chow,Olivia Chow,0.2574,False
toronto_2023,2023-06-26,toronto_2023-2023-04-29-27c4faed,Liaison Strategies,2023-04-29,12530.0,"bailao,bradford,chow,furey,hunter,matlow,saunders",https://en.wikipedia.org/wiki/2023_Toronto_mayoral_by-election,furey,Anthony Furey,0.0198,False
toronto_2023,2023-06-26,toronto_2023-2023-04-29-27c4faed,Liaison Strategies,2023-04-29,12530.0,"bailao,bradford,chow,furey,hunter,matlow,saunders",https://en.wikipedia.org/wiki/2023_Toronto_mayoral_by-election,hunter,Mitzie Hunter,0.099,False
toronto_2023,2023-06-26,toronto_2023-2023-04-29-27c4faed,Liaison Strategies,2023-04-29,12530.0,"bailao,bradford,chow,furey,hunter,matlow,saunders",https://en.wikipedia.org/wiki/2023_Toronto_mayoral_by-election,matlow,Josh Matlow,0.1881,False
toronto_2023,2023-06-26,toronto_2023-2023-04-29-27c4faed,Liaison Strategies,2023-04-29,12530.0,"bailao,bradford,chow,furey,hunter,matlow,saunders",https://en.wikipedia.org/wiki/2023_Toronto_mayoral_by-election,residual,Other / undecided,0.0693,True
toronto_2023,2023-06-26,toronto_2023-2023-04-29-27c4faed,Liaison Strategies,2023-04-29,12530.0,"bailao,bradford,chow,furey,hunter,matlow,saunders",https://en.wikipedia.org/wiki/2023_Toronto_mayoral_by-election,saunders,Mark Saunders,0.198,False
toronto_2023,2023-06-26,toronto_2023-2023-05-03-ce518d01,Mainstreet Research,2023-05-03,10560.0,"bailao,bradford,chow,hunter,matlow,saunders",https://en.wikipedia.org/wiki/2023_Toronto_mayoral_by-election,bailao,Ana Bailão,0.1683,False
toronto_2023,2023-06-26,toronto_2023-2023-05-03-ce518d01,Mainstreet Research,2023-05-03,10560.0,"bailao,bradford,chow,hunter,matlow,saunders",https://en.wikipedia.org/wiki/2023_Toronto_mayoral_by-election,bradford,Brad Bradford,0.0594,False
toronto_2023,2023-06-26,toronto_2023-2023-05-03-ce518d01,Mainstreet Research,2023-05-03,10560.0,"bailao,bradford,chow,hunter,matlow,saunders",https://en.wikipedia.org/wiki/2023_Toronto_mayoral_by-election,chow,Olivia Chow,0.3069,False
toronto_2023,2023-06-26,toronto_2023-2023-05-03-ce518d01,Mainstreet Research,2023-05-03,10560.0,"bailao,bradford,chow,hunter,matlow,saunders",https://en.wikipedia.org/wiki/2023_Toronto_mayoral_by-election,hunter,Mitzie Hunter,0.0891,False
toronto_2023,2023-06-26,toronto_2023-2023-05-03-ce518d01,Mainstreet Research,2023-05-03,10560.0,"bailao,bradford,chow,hunter,matlow,saunders",https://en.wikipedia.org/wiki/2023_Toronto_mayoral_by-election,matlow,Josh Matlow,0.1485,False
toronto_2023,2023-06-26,toronto_2023-2023-05-03-ce518d01,Mainstreet Research,2023-05-03,10560.0,"bailao,bradford,chow,hunter,matlow,saunders",https://en.wikipedia.org/wiki/2023_Toronto_mayoral_by-election,residual,Other / undecided,0.1089,True
toronto_2023,2023-06-26,toronto_2023-2023-05-03-ce518d01,Mainstreet Research,2023-05-03,10560.0,"bailao,bradford,chow,hunter,matlow,saunders",https://en.wikipedia.org/wiki/2023_Toronto_mayoral_by-election,saunders,Mark Saunders,0.1188,False
toronto_2023,2023-06-26,toronto_2023-2023-05-06-f56cccbb,Liaison Strategies,2023-05-06,12570.0,"bailao,bradford,chow,furey,hunter,matlow,saunders",https://en.wikipedia.org/wiki/2023_Toronto_mayoral_by-election,bailao,Ana Bailão,0.09,False
toronto_2023,2023-06-26,toronto_2023-2023-05-06-f56cccbb,Liaison Strategies,2023-05-06,12570.0,"bailao,bradford,chow,furey,hunter,matlow,saunders",https://en.wikipedia.org/wiki/2023_Toronto_mayoral_by-election,bradford,Brad Bradford,0.12,False
toronto_2023,2023-06-26,toronto_2023-2023-05-06-f56cccbb,Liaison Strategies,2023-05-06,12570.0,"bailao,bradford,chow,furey,hunter,matlow,saunders",https://en.wikipedia.org/wiki/2023_Toronto_mayoral_by-election,chow,Olivia Chow,0.27,False
toronto_2023,2023-06-26,toronto_2023-2023-05-06-f56cccbb,Liaison Strategies,2023-05-06,12570.0,"bailao,bradford,chow,furey,hunter,matlow,saunders",https://en.wikipedia.org/wiki/2023_Toronto_mayoral_by-election,furey,Anthony Furey,0.01,False
toronto_2023,2023-06-26,toronto_2023-2023-05-06-f56cccbb,Liaison Strategies,2023-05-06,12570.0,"bailao,bradford,chow,furey,hunter,matlow,saunders",https://en.wikipedia.org/wiki/2023_Toronto_mayoral_by-election,hunter,Mitzie Hunter,0.1,False
toronto_2023,2023-06-26,toronto_2023-2023-05-06-f56cccbb,Liaison Strategies,2023-05-06,12570.0,"bailao,bradford,chow,furey,hunter,matlow,saunders",https://en.wikipedia.org/wiki/2023_Toronto_mayoral_by-election,matlow,Josh Matlow,0.16,False
toronto_2023,2023-06-26,toronto_2023-2023-05-06-f56cccbb,Liaison Strategies,2023-05-06,12570.0,"bailao,bradford,chow,furey,hunter,matlow,saunders",https://en.wikipedia.org/wiki/2023_Toronto_mayoral_by-election,residual,Other / undecided,0.09,True
toronto_2023,2023-06-26,toronto_2023-2023-05-06-f56cccbb,Liaison Strategies,2023-05-06,12570.0,"bailao,bradford,chow,furey,hunter,matlow,saunders",https://en.wikipedia.org/wiki/2023_Toronto_mayoral_by-election,saunders,Mark Saunders,0.16,False
toronto_2023,2023-06-26,toronto_2023-2023-05-07-6f5a8760,Forum Research,2023-05-07,20000.0,"bailao,bradford,chow,hunter,matlow,saunders",https://en.wikipedia.org/wiki/2023_Toronto_mayoral_by-election,bailao,Ana Bailão,0.07,False
toronto_2023,2023-06-26,toronto_2023-2023-05-07-6f5a8760,Forum Research,2023-05-07,20000.0,"bailao,bradford,chow,hunter,matlow,saunders",https://en.wikipedia.org/wiki/2023_Toronto_mayoral_by-election,bradford,Brad Bradford,0.07,False
toronto_2023,2023-06-26,toronto_2023-2023-05-07-6f5a8760,Forum Research,2023-05-07,20000.0,"bailao,bradford,chow,hunter,matlow,saunders",https://en.wikipedia.org/wiki/2023_Toronto_mayoral_by-election,chow,Olivia Chow,0.33,False
toronto_2023,2023-06-26,toronto_2023-2023-05-07-6f5a8760,Forum Research,2023-05-07,20000.0,"bailao,bradford,chow,hunter,matlow,saunders",https://en.wikipedia.org/wiki/2023_Toronto_mayoral_by-election,hunter,Mitzie Hunter,0.08,False
toronto_2023,2023-06-26,toronto_2023-2023-05-07-6f5a8760,Forum Research,2023-05-07,20000.0,"bailao,bradford,chow,hunter,matlow,saunders",https://en.wikipedia.org/wiki/2023_Toronto_mayoral_by-election,matlow,Josh Matlow,0.14,False
toronto_2023,2023-06-26,toronto_2023-2023-05-07-6f5a8760,Forum Research,2023-05-07,20000.0,"bailao,bradford,chow,hunter,matlow,saunders",https://en.wikipedia.org/wiki/2023_Toronto_mayoral_by-election,residual,Other / undecided,0.17,True
toronto_2023,2023-06-26,toronto_2023-2023-05-07-6f5a8760,Forum Research,2023-05-07,20000.0,"bailao,bradford,chow,hunter,matlow,saunders",https://en.wikipedia.org/wiki/2023_Toronto_mayoral_by-election,saunders,Mark Saunders,0.14,False
toronto_2023,2023-06-26,toronto_2023-2023-05-11-076ef4ef,Mainstreet Research,2023-05-11,12050.0,"bailao,bradford,brown,chow,furey,hunter,matlow,saunders",https://en.wikipedia.org/wiki/2023_Toronto_mayoral_by-election,bailao,Ana Bailão,0.15,False
toronto_2023,2023-06-26,toronto_2023-2023-05-11-076ef4ef,Mainstreet Research,2023-05-11,12050.0,"bailao,bradford,brown,chow,furey,hunter,matlow,saunders",https://en.wikipedia.org/wiki/2023_Toronto_mayoral_by-election,bradford,Brad Bradford,0.06,False
toronto_2023,2023-06-26,toronto_2023-2023-05-11-076ef4ef,Mainstreet Research,2023-05-11,12050.0,"bailao,bradford,brown,chow,furey,hunter,matlow,saunders",https://en.wikipedia.org/wiki/2023_Toronto_mayoral_by-election,brown,Chloe Brown,0.05,False
toronto_2023,2023-06-26,toronto_2023-2023-05-11-076ef4ef,Mainstreet Research,2023-05-11,12050.0,"bailao,bradford,brown,chow,furey,hunter,matlow,saunders",https://en.wikipedia.org/wiki/2023_Toronto_mayoral_by-election,chow,Olivia Chow,0.31,False
toronto_2023,2023-06-26,toronto_2023-2023-05-11-076ef4ef,Mainstreet Research,2023-05-11,12050.0,"bailao,bradford,brown,chow,furey,hunter,matlow,saunders",https://en.wikipedia.org/wiki/2023_Toronto_mayoral_by-election,furey,Anthony Furey,0.07,False
toronto_2023,2023-06-26,toronto_2023-2023-05-11-076ef4ef,Mainstreet Research,2023-05-11,12050.0,"bailao,bradford,brown,chow,furey,hunter,matlow,saunders",https://en.wikipedia.org/wiki/2023_Toronto_mayoral_by-election,hunter,Mitzie Hunter,0.09,False
toronto_2023,2023-06-26,toronto_2023-2023-05-11-076ef4ef,Mainstreet Research,2023-05-11,12050.0,"bailao,bradford,brown,chow,furey,hunter,matlow,saunders",https://en.wikipedia.org/wiki/2023_Toronto_mayoral_by-election,matlow,Josh Matlow,0.1,False
toronto_2023,2023-06-26,toronto_2023-2023-05-11-076ef4ef,Mainstreet Research,2023-05-11,12050.0,"bailao,bradford,brown,chow,furey,hunter,matlow,saunders",https://en.wikipedia.org/wiki/2023_Toronto_mayoral_by-election,residual,Other / undecided,0.05,True
toronto_2023,2023-06-26,toronto_2023-2023-05-11-076ef4ef,Mainstreet Research,2023-05-11,12050.0,"bailao,bradford,brown,chow,furey,hunter,matlow,saunders",https://en.wikipedia.org/wiki/2023_Toronto_mayoral_by-election,saunders,Mark Saunders,0.12,False
toronto_2023,2023-06-26,toronto_2023-2023-05-13-fe817631,Liaison Strategies,2023-05-13,13180.0,"bailao,bradford,chow,furey,hunter,matlow,saunders",https://en.wikipedia.org/wiki/2023_Toronto_mayoral_by-election,bailao,Ana Bailão,0.0693,False
toronto_2023,2023-06-26,toronto_2023-2023-05-13-fe817631,Liaison Strategies,2023-05-13,13180.0,"bailao,bradford,chow,furey,hunter,matlow,saunders",https://en.wikipedia.org/wiki/2023_Toronto_mayoral_by-election,bradford,Brad Bradford,0.1188,False
toronto_2023,2023-06-26,toronto_2023-2023-05-13-fe817631,Liaison Strategies,2023-05-13,13180.0,"bailao,bradford,chow,furey,hunter,matlow,saunders",https://en.wikipedia.org/wiki/2023_Toronto_mayoral_by-election,chow,Olivia Chow,0.297,False
toronto_2023,2023-06-26,toronto_2023-2023-05-13-fe817631,Liaison Strategies,2023-05-13,13180.0,"bailao,bradford,chow,furey,hunter,matlow,saunders",https://en.wikipedia.org/wiki/2023_Toronto_mayoral_by-election,furey,Anthony Furey,0.0198,False
toronto_2023,2023-06-26,toronto_2023-2023-05-13-fe817631,Liaison Strategies,2023-05-13,13180.0,"bailao,bradford,chow,furey,hunter,matlow,saunders",https://en.wikipedia.org/wiki/2023_Toronto_mayoral_by-election,hunter,Mitzie Hunter,0.1188,False
toronto_2023,2023-06-26,toronto_2023-2023-05-13-fe817631,Liaison Strategies,2023-05-13,13180.0,"bailao,bradford,chow,furey,hunter,matlow,saunders",https://en.wikipedia.org/wiki/2023_Toronto_mayoral_by-election,matlow,Josh Matlow,0.1485,False
toronto_2023,2023-06-26,toronto_2023-2023-05-13-fe817631,Liaison Strategies,2023-05-13,13180.0,"bailao,bradford,chow,furey,hunter,matlow,saunders",https://en.wikipedia.org/wiki/2023_Toronto_mayoral_by-election,residual,Other / undecided,0.0693,True
toronto_2023,2023-06-26,toronto_2023-2023-05-13-fe817631,Liaison Strategies,2023-05-13,13180.0,"bailao,bradford,chow,furey,hunter,matlow,saunders",https://en.wikipedia.org/wiki/2023_Toronto_mayoral_by-election,saunders,Mark Saunders,0.1584,False
toronto_2023,2023-06-26,toronto_2023-2023-05-14-f216820b,Forum Research,2023-05-14,10290.0,"bailao,bradford,chow,hunter,matlow,saunders",https://en.wikipedia.org/wiki/2023_Toronto_mayoral_by-election,bailao,Ana Bailão,0.0693,False
toronto_2023,2023-06-26,toronto_2023-2023-05-14-f216820b,Forum Research,2023-05-14,10290.0,"bailao,bradford,chow,hunter,matlow,saunders",https://en.wikipedia.org/wiki/2023_Toronto_mayoral_by-election,bradford,Brad Bradford,0.0594,False
toronto_2023,2023-06-26,toronto_2023-2023-05-14-f216820b,Forum Research,2023-05-14,10290.0,"bailao,bradford,chow,hunter,matlow,saunders",https://en.wikipedia.org/wiki/2023_Toronto_mayoral_by-election,chow,Olivia Chow,0.3564,False
toronto_2023,2023-06-26,toronto_2023-2023-05-14-f216820b,Forum Research,2023-05-14,10290.0,"bailao,bradford,chow,hunter,matlow,saunders",https://en.wikipedia.org/wiki/2023_Toronto_mayoral_by-election,hunter,Mitzie Hunter,0.099,False
toronto_2023,2023-06-26,toronto_2023-2023-05-14-f216820b,Forum Research,2023-05-14,10290.0,"bailao,bradford,chow,hunter,matlow,saunders",https://en.wikipedia.org/wiki/2023_Toronto_mayoral_by-election,matlow,Josh Matlow,0.099,False
toronto_2023,2023-06-26,toronto_2023-2023-05-14-f216820b,Forum Research,2023-05-14,10290.0,"bailao,bradford,chow,hunter,matlow,saunders",https://en.wikipedia.org/wiki/2023_Toronto_mayoral_by-election,residual,Other / undecided,0.1386,True
toronto_2023,2023-06-26,toronto_2023-2023-05-14-f216820b,Forum Research,2023-05-14,10290.0,"bailao,bradford,chow,hunter,matlow,saunders",https://en.wikipedia.org/wiki/2023_Toronto_mayoral_by-election,saunders,Mark Saunders,0.1782,False
toronto_2023,2023-06-26,toronto_2023-2023-05-17-40ce4bce,Mainstreet Research,2023-05-17,11250.0,"bailao,bradford,brown,chow,furey,hunter,matlow,saunders",https://en.wikipedia.org/wiki/2023_Toronto_mayoral_by-election,bailao,Ana Bailão,0.21,False
toronto_2023,2023-06-26,toronto_2023-2023-05-17-40ce4bce,Mainstreet Research,2023-05-17,11250.0,"bailao,bradford,brown,chow,furey,hunter,matlow,saunders",https://en.wikipedia.org/wiki/2023_Toronto_mayoral_by-election,bradford,Brad Bradford,0.04,False
toronto_2023,2023-06-26,toronto_2023-2023-05-17-40ce4bce,Mainstreet Research,2023-05-17,11250.0,"bailao,bradford,brown,chow,furey,hunter,matlow,saunders",https://en.wikipedia.org/wiki/2023_Toronto_mayoral_by-election,brown,Chloe Brown,0.02,False
toronto_2023,2023-06-26,toronto_2023-2023-05-17-40ce4bce,Mainstreet Research,2023-05-17,11250.0,"bailao,bradford,brown,chow,furey,hunter,matlow,saunders",https://en.wikipedia.org/wiki/2023_Toronto_mayoral_by-election,chow,Olivia Chow,0.3,False
toronto_2023,2023-06-26,toronto_2023-2023-05-17-40ce4bce,Mainstreet Research,2023-05-17,11250.0,"bailao,bradford,brown,chow,furey,hunter,matlow,saunders",https://en.wikipedia.org/wiki/2023_Toronto_mayoral_by-election,furey,Anthony Furey,0.07,False
toronto_2023,2023-06-26,toronto_2023-2023-05-17-40ce4bce,Mainstreet Research,2023-05-17,11250.0,"bailao,bradford,brown,chow,furey,hunter,matlow,saunders",https://en.wikipedia.org/wiki/2023_Toronto_mayoral_by-election,hunter,Mitzie Hunter,0.09,False
toronto_2023,2023-06-26,toronto_2023-2023-05-17-40ce4bce,Mainstreet Research,2023-05-17,11250.0,"bailao,bradford,brown,chow,furey,hunter,matlow,saunders",https://en.wikipedia.org/wiki/2023_Toronto_mayoral_by-election,matlow,Josh Matlow,0.14,False
toronto_2023,2023-06-26,toronto_2023-2023-05-17-40ce4bce,Mainstreet Research,2023-05-17,11250.0,"bailao,bradford,brown,chow,furey,hunter,matlow,saunders",https://en.wikipedia.org/wiki/2023_Toronto_mayoral_by-election,residual,Other / undecided,0.03,True
toronto_2023,2023-06-26,toronto_2023-2023-05-17-40ce4bce,Mainstreet Research,2023-05-17,11250.0,"bailao,bradford,brown,chow,furey,hunter,matlow,saunders",https://en.wikipedia.org/wiki/2023_Toronto_mayoral_by-election,saunders,Mark Saunders,0.1,False
toronto_2023,2023-06-26,toronto_2023-2023-05-18-e960c650,Liaison Strategies,2023-05-18,13110.0,"bailao,bradford,chow,furey,hunter,matlow,saunders",https://en.wikipedia.org/wiki/2023_Toronto_mayoral_by-election,bailao,Ana Bailão,0.08,False
toronto_2023,2023-06-26,toronto_2023-2023-05-18-e960c650,Liaison Strategies,2023-05-18,13110.0,"bailao,bradford,chow,furey,hunter,matlow,saunders",https://en.wikipedia.org/wiki/2023_Toronto_mayoral_by-election,bradford,Brad Bradford,0.1,False
toronto_2023,2023-06-26,toronto_2023-2023-05-18-e960c650,Liaison Strategies,2023-05-18,13110.0,"bailao,bradford,chow,furey,hunter,matlow,saunders",https://en.wikipedia.org/wiki/2023_Toronto_mayoral_by-election,chow,Olivia Chow,0.29,False
toronto_2023,2023-06-26,toronto_2023-2023-05-18-e960c650,Liaison Strategies,2023-05-18,13110.0,"bailao,bradford,chow,furey,hunter,matlow,saunders",https://en.wikipedia.org/wiki/2023_Toronto_mayoral_by-election,furey,Anthony Furey,0.03,False
toronto_2023,2023-06-26,toronto_2023-2023-05-18-e960c650,Liaison Strategies,2023-05-18,13110.0,"bailao,bradford,chow,furey,hunter,matlow,saunders",https://en.wikipedia.org/wiki/2023_Toronto_mayoral_by-election,hunter,Mitzie Hunter,0.15,False
toronto_2023,2023-06-26,toronto_2023-2023-05-18-e960c650,Liaison Strategies,2023-05-18,13110.0,"bailao,bradford,chow,furey,hunter,matlow,saunders",https://en.wikipedia.org/wiki/2023_Toronto_mayoral_by-election,matlow,Josh Matlow,0.11,False
toronto_2023,2023-06-26,toronto_2023-2023-05-18-e960c650,Liaison Strategies,2023-05-18,13110.0,"bailao,bradford,chow,furey,hunter,matlow,saunders",https://en.wikipedia.org/wiki/2023_Toronto_mayoral_by-election,residual,Other / undecided,0.07,True
toronto_2023,2023-06-26,toronto_2023-2023-05-18-e960c650,Liaison Strategies,2023-05-18,13110.0,"bailao,bradford,chow,furey,hunter,matlow,saunders",https://en.wikipedia.org/wiki/2023_Toronto_mayoral_by-election,saunders,Mark Saunders,0.17,False
toronto_2023,2023-06-26,toronto_2023-2023-05-20-b403ec48,Forum Research,2023-05-20,10000.0,"bailao,bradford,chow,hunter,matlow,saunders",https://en.wikipedia.org/wiki/2023_Toronto_mayoral_by-election,bailao,Ana Bailão,0.09,False
toronto_2023,2023-06-26,toronto_2023-2023-05-20-b403ec48,Forum Research,2023-05-20,10000.0,"bailao,bradford,chow,hunter,matlow,saunders",https://en.wikipedia.org/wiki/2023_Toronto_mayoral_by-election,bradford,Brad Bradford,0.07,False
toronto_2023,2023-06-26,toronto_2023-2023-05-20-b403ec48,Forum Research,2023-05-20,10000.0,"bailao,bradford,chow,hunter,matlow,saunders",https://en.wikipedia.org/wiki/2023_Toronto_mayoral_by-election,chow,Olivia Chow,0.34,False
toronto_2023,2023-06-26,toronto_2023-2023-05-20-b403ec48,Forum Research,2023-05-20,10000.0,"bailao,bradford,chow,hunter,matlow,saunders",https://en.wikipedia.org/wiki/2023_Toronto_mayoral_by-election,hunter,Mitzie Hunter,0.1,False
toronto_2023,2023-06-26,toronto_2023-2023-05-20-b403ec48,Forum Research,2023-05-20,10000.0,"bailao,bradford,chow,hunter,matlow,saunders",https://en.wikipedia.org/wiki/2023_Toronto_mayoral_by-election,matlow,Josh Matlow,0.12,False
toronto_2023,2023-06-26,toronto_2023-2023-05-20-b403ec48,Forum Research,2023-05-20,10000.0,"bailao,bradford,chow,hunter,matlow,saunders",https://en.wikipedia.org/wiki/2023_Toronto_mayoral_by-election,residual,Other / undecided,0.16,True
toronto_2023,2023-06-26,toronto_2023-2023-05-20-b403ec48,Forum Research,2023-05-20,10000.0,"bailao,bradford,chow,hunter,matlow,saunders",https://en.wikipedia.org/wiki/2023_Toronto_mayoral_by-election,saunders,Mark Saunders,0.12,False
toronto_2023,2023-06-26,toronto_2023-2023-05-25-3a934378,Mainstreet Research,2023-05-25,8380.0,"bailao,bradford,brown,chow,furey,hunter,matlow,saunders",https://en.wikipedia.org/wiki/2023_Toronto_mayoral_by-election,bailao,Ana Bailão,0.16,False
toronto_2023,2023-06-26,toronto_2023-2023-05-25-3a934378,Mainstreet Research,2023-05-25,8380.0,"bailao,bradford,brown,chow,furey,hunter,matlow,saunders",https://en.wikipedia.org/wiki/2023_Toronto_mayoral_by-election,bradford,Brad Bradford,0.06,False
toronto_2023,2023-06-26,toronto_2023-2023-05-25-3a934378,Mainstreet Research,2023-05-25,8380.0,"bailao,bradford,brown,chow,furey,hunter,matlow,saunders",https://en.wikipedia.org/wiki/2023_Toronto_mayoral_by-election,brown,Chloe Brown,0.02,False
toronto_2023,2023-06-26,toronto_2023-2023-05-25-3a934378,Mainstreet Research,2023-05-25,8380.0,"bailao,bradford,brown,chow,furey,hunter,matlow,saunders",https://en.wikipedia.org/wiki/2023_Toronto_mayoral_by-election,chow,Olivia Chow,0.35,False
toronto_2023,2023-06-26,toronto_2023-2023-05-25-3a934378,Mainstreet Research,2023-05-25,8380.0,"bailao,bradford,brown,chow,furey,hunter,matlow,saunders",https://en.wikipedia.org/wiki/2023_Toronto_mayoral_by-election,furey,Anthony Furey,0.09,False
toronto_2023,2023-06-26,toronto_2023-2023-05-25-3a934378,Mainstreet Research,2023-05-25,8380.0,"bailao,bradford,brown,chow,furey,hunter,matlow,saunders",https://en.wikipedia.org/wiki/2023_Toronto_mayoral_by-election,hunter,Mitzie Hunter,0.05,False
toronto_2023,2023-06-26,toronto_2023-2023-05-25-3a934378,Mainstreet Research,2023-05-25,8380.0,"bailao,bradford,brown,chow,furey,hunter,matlow,saunders",https://en.wikipedia.org/wiki/2023_Toronto_mayoral_by-election,matlow,Josh Matlow,0.1,False
toronto_2023,2023-06-26,toronto_2023-2023-05-25-3a934378,Mainstreet Research,2023-05-25,8380.0,"bailao,bradford,brown,chow,furey,hunter,matlow,saunders",https://en.wikipedia.org/wiki/2023_Toronto_mayoral_by-election,residual,Other / undecided,0.05,True
toronto_2023,2023-06-26,toronto_2023-2023-05-25-3a934378,Mainstreet Research,2023-05-25,8380.0,"bailao,bradford,brown,chow,furey,hunter,matlow,saunders",https://en.wikipedia.org/wiki/2023_Toronto_mayoral_by-election,saunders,Mark Saunders,0.12,False
toronto_2023,2023-06-26,toronto_2023-2023-05-27-5af2e4a3,Liaison Strategies,2023-05-27,13050.0,"bailao,bradford,chow,furey,hunter,matlow,saunders",https://en.wikipedia.org/wiki/2023_Toronto_mayoral_by-election,bailao,Ana Bailão,0.098,False
toronto_2023,2023-06-26,toronto_2023-2023-05-27-5af2e4a3,Liaison Strategies,2023-05-27,13050.0,"bailao,bradford,chow,furey,hunter,matlow,saunders",https://en.wikipedia.org/wiki/2023_Toronto_mayoral_by-election,bradford,Brad Bradford,0.098,False
toronto_2023,2023-06-26,toronto_2023-2023-05-27-5af2e4a3,Liaison Strategies,2023-05-27,13050.0,"bailao,bradford,chow,furey,hunter,matlow,saunders",https://en.wikipedia.org/wiki/2023_Toronto_mayoral_by-election,chow,Olivia Chow,0.2941,False
toronto_2023,2023-06-26,toronto_2023-2023-05-27-5af2e4a3,Liaison Strategies,2023-05-27,13050.0,"bailao,bradford,chow,furey,hunter,matlow,saunders",https://en.wikipedia.org/wiki/2023_Toronto_mayoral_by-election,furey,Anthony Furey,0.0294,False
toronto_2023,2023-06-26,toronto_2023-2023-05-27-5af2e4a3,Liaison Strategies,2023-05-27,13050.0,"bailao,bradford,chow,furey,hunter,matlow,saunders",https://en.wikipedia.org/wiki/2023_Toronto_mayoral_by-election,hunter,Mitzie Hunter,0.1373,False
toronto_2023,2023-06-26,toronto_2023-2023-05-27-5af2e4a3,Liaison Strategies,2023-05-27,13050.0,"bailao,bradford,chow,furey,hunter,matlow,saunders",https://en.wikipedia.org/wiki/2023_Toronto_mayoral_by-election,matlow,Josh Matlow,0.1078,False
toronto_2023,2023-06-26,toronto_2023-2023-05-27-5af2e4a3,Liaison Strategies,2023-05-27,13050.0,"bailao,bradford,chow,furey,hunter,matlow,saunders",https://en.wikipedia.org/wiki/2023_Toronto_mayoral_by-election,residual,Other / undecided,0.098,True
toronto_2023,2023-06-26,toronto_2023-2023-05-27-5af2e4a3,Liaison Strategies,2023-05-27,13050.0,"bailao,bradford,chow,furey,hunter,matlow,saunders",https://en.wikipedia.org/wiki/2023_Toronto_mayoral_by-election,saunders,Mark Saunders,0.1373,False
toronto_2023,2023-06-26,toronto_2023-2023-05-27-ad718bff,Forum Research,2023-05-27,10070.0,"bailao,bradford,chow,furey,hunter,matlow,saunders",https://en.wikipedia.org/wiki/2023_Toronto_mayoral_by-election,bailao,Ana Bailão,0.09,False
toronto_2023,2023-06-26,toronto_2023-2023-05-27-ad718bff,Forum Research,2023-05-27,10070.0,"bailao,bradford,chow,furey,hunter,matlow,saunders",https://en.wikipedia.org/wiki/2023_Toronto_mayoral_by-election,bradford,Brad Bradford,0.05,False
toronto_2023,2023-06-26,toronto_2023-2023-05-27-ad718bff,Forum Research,2023-05-27,10070.0,"bailao,bradford,chow,furey,hunter,matlow,saunders",https://en.wikipedia.org/wiki/2023_Toronto_mayoral_by-election,chow,Olivia Chow,0.34,False
toronto_2023,2023-06-26,toronto_2023-2023-05-27-ad718bff,Forum Research,2023-05-27,10070.0,"bailao,bradford,chow,furey,hunter,matlow,saunders",https://en.wikipedia.org/wiki/2023_Toronto_mayoral_by-election,furey,Anthony Furey,0.09,False
toronto_2023,2023-06-26,toronto_2023-2023-05-27-ad718bff,Forum Research,2023-05-27,10070.0,"bailao,bradford,chow,furey,hunter,matlow,saunders",https://en.wikipedia.org/wiki/2023_Toronto_mayoral_by-election,hunter,Mitzie Hunter,0.09,False
toronto_2023,2023-06-26,toronto_2023-2023-05-27-ad718bff,Forum Research,2023-05-27,10070.0,"bailao,bradford,chow,furey,hunter,matlow,saunders",https://en.wikipedia.org/wiki/2023_Toronto_mayoral_by-election,matlow,Josh Matlow,0.12,False
toronto_2023,2023-06-26,toronto_2023-2023-05-27-ad718bff,Forum Research,2023-05-27,10070.0,"bailao,bradford,chow,furey,hunter,matlow,saunders",https://en.wikipedia.org/wiki/2023_Toronto_mayoral_by-election,residual,Other / undecided,0.08,True
toronto_2023,2023-06-26,toronto_2023-2023-05-27-ad718bff,Forum Research,2023-05-27,10070.0,"bailao,bradford,chow,furey,hunter,matlow,saunders",https://en.wikipedia.org/wiki/2023_Toronto_mayoral_by-election,saunders,Mark Saunders,0.14,False
toronto_2023,2023-06-26,toronto_2023-2023-05-31-30f43af0,Mainstreet Research,2023-05-31,11100.0,"bailao,bradford,brown,chow,furey,hunter,matlow,saunders",https://en.wikipedia.org/wiki/2023_Toronto_mayoral_by-election,bailao,Ana Bailão,0.16,False
toronto_2023,2023-06-26,toronto_2023-2023-05-31-30f43af0,Mainstreet Research,2023-05-31,11100.0,"bailao,bradford,brown,chow,furey,hunter,matlow,saunders",https://en.wikipedia.org/wiki/2023_Toronto_mayoral_by-election,bradford,Brad Bradford,0.04,False
toronto_2023,2023-06-26,toronto_2023-2023-05-31-30f43af0,Mainstreet Research,2023-05-31,11100.0,"bailao,bradford,brown,chow,furey,hunter,matlow,saunders",https://en.wikipedia.org/wiki/2023_Toronto_mayoral_by-election,brown,Chloe Brown,0.04,False
toronto_2023,2023-06-26,toronto_2023-2023-05-31-30f43af0,Mainstreet Research,2023-05-31,11100.0,"bailao,bradford,brown,chow,furey,hunter,matlow,saunders",https://en.wikipedia.org/wiki/2023_Toronto_mayoral_by-election,chow,Olivia Chow,0.32,False
toronto_2023,2023-06-26,toronto_2023-2023-05-31-30f43af0,Mainstreet Research,2023-05-31,11100.0,"bailao,bradford,brown,chow,furey,hunter,matlow,saunders",https://en.wikipedia.org/wiki/2023_Toronto_mayoral_by-election,furey,Anthony Furey,0.09,False
toronto_2023,2023-06-26,toronto_2023-2023-05-31-30f43af0,Mainstreet Research,2023-05-31,11100.0,"bailao,bradford,brown,chow,furey,hunter,matlow,saunders",https://en.wikipedia.org/wiki/2023_Toronto_mayoral_by-election,hunter,Mitzie Hunter,0.07,False
toronto_2023,2023-06-26,toronto_2023-2023-05-31-30f43af0,Mainstreet Research,2023-05-31,11100.0,"bailao,bradford,brown,chow,furey,hunter,matlow,saunders",https://en.wikipedia.org/wiki/2023_Toronto_mayoral_by-election,matlow,Josh Matlow,0.1,False
toronto_2023,2023-06-26,toronto_2023-2023-05-31-30f43af0,Mainstreet Research,2023-05-31,11100.0,"bailao,bradford,brown,chow,furey,hunter,matlow,saunders",https://en.wikipedia.org/wiki/2023_Toronto_mayoral_by-election,residual,Other / undecided,0.06,True
toronto_2023,2023-06-26,toronto_2023-2023-05-31-30f43af0,Mainstreet Research,2023-05-31,11100.0,"bailao,bradford,brown,chow,furey,hunter,matlow,saunders",https://en.wikipedia.org/wiki/2023_Toronto_mayoral_by-election,saunders,Mark Saunders,0.12,False
toronto_2023,2023-06-26,toronto_2023-2023-06-02-5e744916,Forum Research,2023-06-02,10320.0,"bailao,bradford,chow,furey,hunter,matlow,saunders",https://en.wikipedia.org/wiki/2023_Toronto_mayoral_by-election,bailao,Ana Bailão,0.0792,False
toronto_2023,2023-06-26,toronto_2023-2023-06-02-5e744916,Forum Research,2023-06-02,10320.0,"bailao,bradford,chow,furey,hunter,matlow,saunders",https://en.wikipedia.org/wiki/2023_Toronto_mayoral_by-election,bradford,Brad Bradford,0.0495,False
toronto_2023,2023-06-26,toronto_2023-2023-06-02-5e744916,Forum Research,2023-06-02,10320.0,"bailao,bradford,chow,furey,hunter,matlow,saunders",https://en.wikipedia.org/wiki/2023_Toronto_mayoral_by-election,chow,Olivia Chow,0.3762,False
toronto_2023,2023-06-26,toronto_2023-2023-06-02-5e744916,Forum Research,2023-06-02,10320.0,"bailao,bradford,chow,furey,hunter,matlow,saunders",https://en.wikipedia.org/wiki/2023_Toronto_mayoral_by-election,furey,Anthony Furey,0.099,False
toronto_2023,2023-06-26,toronto_2023-2023-06-02-5e744916,Forum Research,2023-06-02,10320.0,"bailao,bradford,chow,furey,hunter,matlow,saunders",https://en.wikipedia.org/wiki/2023_Toronto_mayoral_by-election,hunter,Mitzie Hunter,0.0693,False
toronto_2023,2023-06-26,toronto_2023-2023-06-02-5e744916,Forum Research,2023-06-02,10320.0,"bailao,bradford,chow,furey,hunter,matlow,saunders",https://en.wikipedia.org/wiki/2023_Toronto_mayoral_by-election,matlow,Josh Matlow,0.1188,False
toronto_2023,2023-06-26,toronto_2023-2023-06-02-5e744916,Forum Research,2023-06-02,10320.0,"bailao,bradford,chow,furey,hunter,matlow,saunders",https://en.wikipedia.org/wiki/2023_Toronto_mayoral_by-election,residual,Other / undecided,0.0792,True
toronto_2023,2023-06-26,toronto_2023-2023-06-02-5e744916,Forum Research,2023-06-02,10320.0,"bailao,bradford,chow,furey,hunter,matlow,saunders",https://en.wikipedia.org/wiki/2023_Toronto_mayoral_by-election,saunders,Mark Saunders,0.1287,False
toronto_2023,2023-06-26,toronto_2023-2023-06-02-85a96bf1,Viewpoints Research,2023-06-02,7800.0,"bailao,bradford,chow,furey,hunter,matlow,saunders",https://en.wikipedia.org/wiki/2023_Toronto_mayoral_by-election,bailao,Ana Bailão,0.1,False
toronto_2023,2023-06-26,toronto_2023-2023-06-02-85a96bf1,Viewpoints Research,2023-06-02,7800.0,"bailao,bradford,chow,furey,hunter,matlow,saunders",https://en.wikipedia.org/wiki/2023_Toronto_mayoral_by-election,bradford,Brad Bradford,0.1,False
toronto_2023,2023-06-26,toronto_2023-2023-06-02-85a96bf1,Viewpoints Research,2023-06-02,7800.0,"bailao,bradford,chow,furey,hunter,matlow,saunders",https://en.wikipedia.org/wiki/2023_Toronto_mayoral_by-election,chow,Olivia Chow,0.37,False
toronto_2023,2023-06-26,toronto_2023-2023-06-02-85a96bf1,Viewpoints Research,2023-06-02,7800.0,"bailao,bradford,chow,furey,hunter,matlow,saunders",https://en.wikipedia.org/wiki/2023_Toronto_mayoral_by-election,furey,Anthony Furey,0.09,False
toronto_2023,2023-06-26,toronto_2023-2023-06-02-85a96bf1,Viewpoints Research,2023-06-02,7800.0,"bailao,bradford,chow,furey,hunter,matlow,saunders",https://en.wikipedia.org/wiki/2023_Toronto_mayoral_by-election,hunter,Mitzie Hunter,0.06,False
toronto_2023,2023-06-26,toronto_2023-2023-06-02-85a96bf1,Viewpoints Research,2023-06-02,7800.0,"bailao,bradford,chow,furey,hunter,matlow,saunders",https://en.wikipedia.org/wiki/2023_Toronto_mayoral_by-election,matlow,Josh Matlow,0.1,False
toronto_2023,2023-06-26,toronto_2023-2023-06-02-85a96bf1,Viewpoints Research,2023-06-02,7800.0,"bailao,bradford,chow,furey,hunter,matlow,saunders",https://en.wikipedia.org/wiki/2023_Toronto_mayoral_by-election,residual,Other / undecided,0.03,True
toronto_2023,2023-06-26,toronto_2023-2023-06-02-85a96bf1,Viewpoints Research,2023-06-02,7800.0,"bailao,bradford,chow,furey,hunter,matlow,saunders",https://en.wikipedia.org/wiki/2023_Toronto_mayoral_by-election,saunders,Mark Saunders,0.15,False
toronto_2023,2023-06-26,toronto_2023-2023-06-04-35b1f370,Liaison Strategies,2023-06-04,12870.0,"bailao,bradford,chow,furey,hunter,matlow,saunders",https://en.wikipedia.org/wiki/2023_Toronto_mayoral_by-election,bailao,Ana Bailão,0.09,False
toronto_2023,2023-06-26,toronto_2023-2023-06-04-35b1f370,Liaison Strategies,2023-06-04,12870.0,"bailao,bradford,chow,furey,hunter,matlow,saunders",https://en.wikipedia.org/wiki/2023_Toronto_mayoral_by-election,bradford,Brad Bradford,0.07,False
toronto_2023,2023-06-26,toronto_2023-2023-06-04-35b1f370,Liaison Strategies,2023-06-04,12870.0,"bailao,bradford,chow,furey,hunter,matlow,saunders",https://en.wikipedia.org/wiki/2023_Toronto_mayoral_by-election,chow,Olivia Chow,0.35,False
toronto_2023,2023-06-26,toronto_2023-2023-06-04-35b1f370,Liaison Strategies,2023-06-04,12870.0,"bailao,bradford,chow,furey,hunter,matlow,saunders",https://en.wikipedia.org/wiki/2023_Toronto_mayoral_by-election,furey,Anthony Furey,0.06,False
toronto_2023,2023-06-26,toronto_2023-2023-06-04-35b1f370,Liaison Strategies,2023-06-04,12870.0,"bailao,bradford,chow,furey,hunter,matlow,saunders",https://en.wikipedia.org/wiki/2023_Toronto_mayoral_by-election,hunter,Mitzie Hunter,0.11,False
toronto_2023,2023-06-26,toronto_2023-2023-06-04-35b1f370,Liaison Strategies,2023-06-04,12870.0,"bailao,bradford,chow,furey,hunter,matlow,saunders",https://en.wikipedia.org/wiki/2023_Toronto_mayoral_by-election,matlow,Josh Matlow,0.11,False
toronto_2023,2023-06-26,toronto_2023-2023-06-04-35b1f370,Liaison Strategies,2023-06-04,12870.0,"bailao,bradford,chow,furey,hunter,matlow,saunders",https://en.wikipedia.org/wiki/2023_Toronto_mayoral_by-election,residual,Other / undecided,0.07,True
toronto_2023,2023-06-26,toronto_2023-2023-06-04-35b1f370,Liaison Strategies,2023-06-04,12870.0,"bailao,bradford,chow,furey,hunter,matlow,saunders",https://en.wikipedia.org/wiki/2023_Toronto_mayoral_by-election,saunders,Mark Saunders,0.14,False
toronto_2023,2023-06-26,toronto_2023-2023-06-08-1d2a2a3e,Mainstreet Research,2023-06-08,7060.0,"bailao,bradford,brown,chow,furey,hunter,matlow,saunders",https://en.wikipedia.org/wiki/2023_Toronto_mayoral_by-election,bailao,Ana Bailão,0.1961,False
toronto_2023,2023-06-26,toronto_2023-2023-06-08-1d2a2a3e,Mainstreet Research,2023-06-08,7060.0,"bailao,bradford,brown,chow,furey,hunter,matlow,saunders",https://en.wikipedia.org/wiki/2023_Toronto_mayoral_by-election,bradford,Brad Bradford,0.0392,False
toronto_2023,2023-06-26,toronto_2023-2023-06-08-1d2a2a3e,Mainstreet Research,2023-06-08,7060.0,"bailao,bradford,brown,chow,furey,hunter,matlow,saunders",https://en.wikipedia.org/wiki/2023_Toronto_mayoral_by-election,brown,Chloe Brown,0.0294,False
toronto_2023,2023-06-26,toronto_2023-2023-06-08-1d2a2a3e,Mainstreet Research,2023-06-08,7060.0,"bailao,bradford,brown,chow,furey,hunter,matlow,saunders",https://en.wikipedia.org/wiki/2023_Toronto_mayoral_by-election,chow,Olivia Chow,0.2843,False
toronto_2023,2023-06-26,toronto_2023-2023-06-08-1d2a2a3e,Mainstreet Research,2023-06-08,7060.0,"bailao,bradford,brown,chow,furey,hunter,matlow,saunders",https://en.wikipedia.org/wiki/2023_Toronto_mayoral_by-election,furey,Anthony Furey,0.0882,False
toronto_2023,2023-06-26,toronto_2023-2023-06-08-1d2a2a3e,Mainstreet Research,2023-06-08,7060.0,"bailao,bradford,brown,chow,furey,hunter,matlow,saunders",https://en.wikipedia.org/wiki/2023_Toronto_mayoral_by-election,hunter,Mitzie Hunter,0.0882,False
toronto_2023,2023-06-26,toronto_2023-2023-06-08-1d2a2a3e,Mainstreet Research,2023-06-08,7060.0,"bailao,bradford,brown,chow,furey,hunter,matlow,saunders",https://en.wikipedia.org/wiki/2023_Toronto_mayoral_by-election,matlow,Josh Matlow,0.1078,False
toronto_2023,2023-06-26,toronto_2023-2023-06-08-1d2a2a3e,Mainstreet Research,2023-06-08,7060.0,"bailao,bradford,brown,chow,furey,hunter,matlow,saunders",https://en.wikipedia.org/wiki/2023_Toronto_mayoral_by-election,residual,Other / undecided,0.0392,True
toronto_2023,2023-06-26,toronto_2023-2023-06-08-1d2a2a3e,Mainstreet Research,2023-06-08,7060.0,"bailao,bradford,brown,chow,furey,hunter,matlow,saunders",https://en.wikipedia.org/wiki/2023_Toronto_mayoral_by-election,saunders,Mark Saunders,0.1275,False
toronto_2023,2023-06-26,toronto_2023-2023-06-09-c2c4b67a,Forum Research,2023-06-09,10470.0,"bailao,bradford,chow,furey,hunter,matlow,saunders",https://en.wikipedia.org/wiki/2023_Toronto_mayoral_by-election,bailao,Ana Bailão,0.1,False
toronto_2023,2023-06-26,toronto_2023-2023-06-09-c2c4b67a,Forum Research,2023-06-09,10470.0,"bailao,bradford,chow,furey,hunter,matlow,saunders",https://en.wikipedia.org/wiki/2023_Toronto_mayoral_by-election,bradford,Brad Bradford,0.05,False
toronto_2023,2023-06-26,toronto_2023-2023-06-09-c2c4b67a,Forum Research,2023-06-09,10470.0,"bailao,bradford,chow,furey,hunter,matlow,saunders",https://en.wikipedia.org/wiki/2023_Toronto_mayoral_by-election,chow,Olivia Chow,0.35,False
toronto_2023,2023-06-26,toronto_2023-2023-06-09-c2c4b67a,Forum Research,2023-06-09,10470.0,"bailao,bradford,chow,furey,hunter,matlow,saunders",https://en.wikipedia.org/wiki/2023_Toronto_mayoral_by-election,furey,Anthony Furey,0.11,False
toronto_2023,2023-06-26,toronto_2023-2023-06-09-c2c4b67a,Forum Research,2023-06-09,10470.0,"bailao,bradford,chow,furey,hunter,matlow,saunders",https://en.wikipedia.org/wiki/2023_Toronto_mayoral_by-election,hunter,Mitzie Hunter,0.07,False
toronto_2023,2023-06-26,toronto_2023-2023-06-09-c2c4b67a,Forum Research,2023-06-09,10470.0,"bailao,bradford,chow,furey,hunter,matlow,saunders",https://en.wikipedia.org/wiki/2023_Toronto_mayoral_by-election,matlow,Josh Matlow,0.09,False
toronto_2023,2023-06-26,toronto_2023-2023-06-09-c2c4b67a,Forum Research,2023-06-09,10470.0,"bailao,bradford,chow,furey,hunter,matlow,saunders",https://en.wikipedia.org/wiki/2023_Toronto_mayoral_by-election,residual,Other / undecided,0.09,True
toronto_2023,2023-06-26,toronto_2023-2023-06-09-c2c4b67a,Forum Research,2023-06-09,10470.0,"bailao,bradford,chow,furey,hunter,matlow,saunders",https://en.wikipedia.org/wiki/2023_Toronto_mayoral_by-election,saunders,Mark Saunders,0.14,False
toronto_2023,2023-06-26,toronto_2023-2023-06-11-2c161a34,Mainstreet Research,2023-06-11,8330.0,"bailao,bradford,brown,chow,furey,hunter,matlow,saunders",https://en.wikipedia.org/wiki/2023_Toronto_mayoral_by-election,bailao,Ana Bailão,0.1683,False
toronto_2023,2023-06-26,toronto_2023-2023-06-11-2c161a34,Mainstreet Research,2023-06-11,8330.0,"bailao,bradford,brown,chow,furey,hunter,matlow,saunders",https://en.wikipedia.org/wiki/2023_Toronto_mayoral_by-election,bradford,Brad Bradford,0.0297,False
toronto_2023,2023-06-26,toronto_2023-2023-06-11-2c161a34,Mainstreet Research,2023-06-11,8330.0,"bailao,bradford,brown,chow,furey,hunter,matlow,saunders",https://en.wikipedia.org/wiki/2023_Toronto_mayoral_by-election,brown,Chloe Brown,0.0495,False
toronto_2023,2023-06-26,toronto_2023-2023-06-11-2c161a34,Mainstreet Research,2023-06-11,8330.0,"bailao,bradford,brown,chow,furey,hunter,matlow,saunders",https://en.wikipedia.org/wiki/2023_Toronto_mayoral_by-election,chow,Olivia Chow,0.3267,False
toronto_2023,2023-06-26,toronto_2023-2023-06-11-2c161a34,Mainstreet Research,2023-06-11,8330.0,"bailao,bradford,brown,chow,furey,hunter,matlow,saunders",https://en.wikipedia.org/wiki/2023_Toronto_mayoral_by-election,furey,Anthony Furey,0.0891,False
toronto_2023,2023-06-26,toronto_2023-2023-06-11-2c161a34,Mainstreet Research,2023-06-11,8330.0,"bailao,bradford,brown,chow,furey,hunter,matlow,saunders",https://en.wikipedia.org/wiki/2023_Toronto_mayoral_by-election,hunter,Mitzie Hunter,0.0792,False
toronto_2023,2023-06-26,toronto_2023-2023-06-11-2c161a34,Mainstreet Research,2023-06-11,8330.0,"bailao,bradford,brown,chow,furey,hunter,matlow,saunders",https://en.wikipedia.org/wiki/2023_Toronto_mayoral_by-election,matlow,Josh Matlow,0.0594,False
toronto_2023,2023-06-26,toronto_2023-2023-06-11-2c161a34,Mainstreet Research,2023-06-11,8330.0,"bailao,bradford,brown,chow,furey,hunter,matlow,saunders",https://en.wikipedia.org/wiki/2023_Toronto_mayoral_by-election,residual,Other / undecided,0.0594,True
toronto_2023,2023-06-26,toronto_2023-2023-06-11-2c161a34,Mainstreet Research,2023-06-11,8330.0,"bailao,bradford,brown,chow,furey,hunter,matlow,saunders",https://en.wikipedia.org/wiki/2023_Toronto_mayoral_by-election,saunders,Mark Saunders,0.1386,False
toronto_2023,2023-06-26,toronto_2023-2023-06-11-427f06fa,Liaison Strategies,2023-06-11,11970.0,"bailao,bradford,chow,furey,hunter,matlow,saunders",https://en.wikipedia.org/wiki/2023_Toronto_mayoral_by-election,bailao,Ana Bailão,0.1,False
toronto_2023,2023-06-26,toronto_2023-2023-06-11-427f06fa,Liaison Strategies,2023-06-11,11970.0,"bailao,bradford,chow,furey,hunter,matlow,saunders",https://en.wikipedia.org/wiki/2023_Toronto_mayoral_by-election,bradford,Brad Bradford,0.06,False
toronto_2023,2023-06-26,toronto_2023-2023-06-11-427f06fa,Liaison Strategies,2023-06-11,11970.0,"bailao,bradford,chow,furey,hunter,matlow,saunders",https://en.wikipedia.org/wiki/2023_Toronto_mayoral_by-election,chow,Olivia Chow,0.34,False
toronto_2023,2023-06-26,toronto_2023-2023-06-11-427f06fa,Liaison Strategies,2023-06-11,11970.0,"bailao,bradford,chow,furey,hunter,matlow,saunders",https://en.wikipedia.org/wiki/2023_Toronto_mayoral_by-election,furey,Anthony Furey,0.09,False
toronto_2023,2023-06-26,toronto_2023-2023-06-11-427f06fa,Liaison Strategies,2023-06-11,11970.0,"bailao,bradford,chow,furey,hunter,matlow,saunders",https://en.wikipedia.org/wiki/2023_Toronto_mayoral_by-election,hunter,Mitzie Hunter,0.09,False
toronto_2023,2023-06-26,toronto_2023-2023-06-11-427f06fa,Liaison Strategies,2023-06-11,11970.0,"bailao,bradford,chow,furey,hunter,matlow,saunders",https://en.wikipedia.org/wiki/2023_Toronto_mayoral_by-election,matlow,Josh Matlow,0.12,False
toronto_2023,2023-06-26,toronto_2023-2023-06-11-427f06fa,Liaison Strategies,2023-06-11,11970.0,"bailao,bradford,chow,furey,hunter,matlow,saunders",https://en.wikipedia.org/wiki/2023_Toronto_mayoral_by-election,residual,Other / undecided,0.05,True
toronto_2023,2023-06-26,toronto_2023-2023-06-11-427f06fa,Liaison Strategies,2023-06-11,11970.0,"bailao,bradford,chow,furey,hunter,matlow,saunders",https://en.wikipedia.org/wiki/2023_Toronto_mayoral_by-election,saunders,Mark Saunders,0.15,False
toronto_2023,2023-06-26,toronto_2023-2023-06-13-1d20c510,Liaison Strategies,2023-06-13,11560.0,"bailao,bradford,chow,furey,hunter,matlow,saunders",https://en.wikipedia.org/wiki/2023_Toronto_mayoral_by-election,bailao,Ana Bailão,0.11,False
toronto_2023,2023-06-26,toronto_2023-2023-06-13-1d20c510,Liaison Strategies,2023-06-13,11560.0,"bailao,bradford,chow,furey,hunter,matlow,saunders",https://en.wikipedia.org/wiki/2023_Toronto_mayoral_by-election,bradford,Brad Bradford,0.05,False
toronto_2023,2023-06-26,toronto_2023-2023-06-13-1d20c510,Liaison Strategies,2023-06-13,11560.0,"bailao,bradford,chow,furey,hunter,matlow,saunders",https://en.wikipedia.org/wiki/2023_Toronto_mayoral_by-election,chow,Olivia Chow,0.3,False
toronto_2023,2023-06-26,toronto_2023-2023-06-13-1d20c510,Liaison Strategies,2023-06-13,11560.0,"bailao,bradford,chow,furey,hunter,matlow,saunders",https://en.wikipedia.org/wiki/2023_Toronto_mayoral_by-election,furey,Anthony Furey,0.08,False
toronto_2023,2023-06-26,toronto_2023-2023-06-13-1d20c510,Liaison Strategies,2023-06-13,11560.0,"bailao,bradford,chow,furey,hunter,matlow,saunders",https://en.wikipedia.org/wiki/2023_Toronto_mayoral_by-election,hunter,Mitzie Hunter,0.08,False
toronto_2023,2023-06-26,toronto_2023-2023-06-13-1d20c510,Liaison Strategies,2023-06-13,11560.0,"bailao,bradford,chow,furey,hunter,matlow,saunders",https://en.wikipedia.org/wiki/2023_Toronto_mayoral_by-election,matlow,Josh Matlow,0.16,False
toronto_2023,2023-06-26,toronto_2023-2023-06-13-1d20c510,Liaison Strategies,2023-06-13,11560.0,"bailao,bradford,chow,furey,hunter,matlow,saunders",https://en.wikipedia.org/wiki/2023_Toronto_mayoral_by-election,residual,Other / undecided,0.06,True
toronto_2023,2023-06-26,toronto_2023-2023-06-13-1d20c510,Liaison Strategies,2023-06-13,11560.0,"bailao,bradford,chow,furey,hunter,matlow,saunders",https://en.wikipedia.org/wiki/2023_Toronto_mayoral_by-election,saunders,Mark Saunders,0.16,False
toronto_2023,2023-06-26,toronto_2023-2023-06-13-a85f2b10,Ipsos,2023-06-13,10010.0,"bailao,bradford,chow,furey,hunter,matlow,saunders",https://en.wikipedia.org/wiki/2023_Toronto_mayoral_by-election,bailao,Ana Bailão,0.1188,False
toronto_2023,2023-06-26,toronto_2023-2023-06-13-a85f2b10,Ipsos,2023-06-13,10010.0,"bailao,bradford,chow,furey,hunter,matlow,saunders",https://en.wikipedia.org/wiki/2023_Toronto_mayoral_by-election,bradford,Brad Bradford,0.0594,False
toronto_2023,2023-06-26,toronto_2023-2023-06-13-a85f2b10,Ipsos,2023-06-13,10010.0,"bailao,bradford,chow,furey,hunter,matlow,saunders",https://en.wikipedia.org/wiki/2023_Toronto_mayoral_by-election,chow,Olivia Chow,0.3762,False
toronto_2023,2023-06-26,toronto_2023-2023-06-13-a85f2b10,Ipsos,2023-06-13,10010.0,"bailao,bradford,chow,furey,hunter,matlow,saunders",https://en.wikipedia.org/wiki/2023_Toronto_mayoral_by-election,furey,Anthony Furey,0.0693,False
toronto_2023,2023-06-26,toronto_2023-2023-06-13-a85f2b10,Ipsos,2023-06-13,10010.0,"bailao,bradford,chow,furey,hunter,matlow,saunders",https://en.wikipedia.org/wiki/2023_Toronto_mayoral_by-election,hunter,Mitzie Hunter,0.0594,False
toronto_2023,2023-06-26,toronto_2023-2023-06-13-a85f2b10,Ipsos,2023-06-13,10010.0,"bailao,bradford,chow,furey,hunter,matlow,saunders",https://en.wikipedia.org/wiki/2023_Toronto_mayoral_by-election,matlow,Josh Matlow,0.0792,False
toronto_2023,2023-06-26,toronto_2023-2023-06-13-a85f2b10,Ipsos,2023-06-13,10010.0,"bailao,bradford,chow,furey,hunter,matlow,saunders",https://en.wikipedia.org/wiki/2023_Toronto_mayoral_by-election,residual,Other / undecided,0.099,True
toronto_2023,2023-06-26,toronto_2023-2023-06-13-a85f2b10,Ipsos,2023-06-13,10010.0,"bailao,bradford,chow,furey,hunter,matlow,saunders",https://en.wikipedia.org/wiki/2023_Toronto_mayoral_by-election,saunders,Mark Saunders,0.1386,False
toronto_2023,2023-06-26,toronto_2023-2023-06-15-d7599146,Mainstreet Research,2023-06-15,8990.0,"bailao,bradford,brown,chow,furey,hunter,matlow,saunders",https://en.wikipedia.org/wiki/2023_Toronto_mayoral_by-election,bailao,Ana Bailão,0.14,False
toronto_2023,2023-06-26,toronto_2023-2023-06-15-d7599146,Mainstreet Research,2023-06-15,8990.0,"bailao,bradford,brown,chow,furey,hunter,matlow,saunders",https://en.wikipedia.org/wiki/2023_Toronto_mayoral_by-election,bradford,Brad Bradford,0.04,False
toronto_2023,2023-06-26,toronto_2023-2023-06-15-d7599146,Mainstreet Research,2023-06-15,8990.0,"bailao,bradford,brown,chow,furey,hunter,matlow,saunders",https://en.wikipedia.org/wiki/2023_Toronto_mayoral_by-election,brown,Chloe Brown,0.05,False
toronto_2023,2023-06-26,toronto_2023-2023-06-15-d7599146,Mainstreet Research,2023-06-15,8990.0,"bailao,bradford,brown,chow,furey,hunter,matlow,saunders",https://en.wikipedia.org/wiki/2023_Toronto_mayoral_by-election,chow,Olivia Chow,0.31,False
toronto_2023,2023-06-26,toronto_2023-2023-06-15-d7599146,Mainstreet Research,2023-06-15,8990.0,"bailao,bradford,brown,chow,furey,hunter,matlow,saunders",https://en.wikipedia.org/wiki/2023_Toronto_mayoral_by-election,furey,Anthony Furey,0.11,False
toronto_2023,2023-06-26,toronto_2023-2023-06-15-d7599146,Mainstreet Research,2023-06-15,8990.0,"bailao,bradford,brown,chow,furey,hunter,matlow,saunders",https://en.wikipedia.org/wiki/2023_Toronto_mayoral_by-election,hunter,Mitzie Hunter,0.06,False
toronto_2023,2023-06-26,toronto_2023-2023-06-15-d7599146,Mainstreet Research,2023-06-15,8990.0,"bailao,bradford,brown,chow,furey,hunter,matlow,saunders",https://en.wikipedia.org/wiki/2023_Toronto_mayoral_by-election,matlow,Josh Matlow,0.12,False
toronto_2023,2023-06-26,toronto_2023-2023-06-15-d7599146,Mainstreet Research,2023-06-15,8990.0,"bailao,bradford,brown,chow,furey,hunter,matlow,saunders",https://en.wikipedia.org/wiki/2023_Toronto_mayoral_by-election,residual,Other / undecided,0.04,True
toronto_2023,2023-06-26,toronto_2023-2023-06-15-d7599146,Mainstreet Research,2023-06-15,8990.0,"bailao,bradford,brown,chow,furey,hunter,matlow,saunders",https://en.wikipedia.org/wiki/2023_Toronto_mayoral_by-election,saunders,Mark Saunders,0.13,False
toronto_2023,2023-06-26,toronto_2023-2023-06-16-e57b0970,Forum Research,2023-06-16,10060.0,"bailao,bradford,chow,furey,hunter,matlow,saunders",https://en.wikipedia.org/wiki/2023_Toronto_mayoral_by-election,bailao,Ana Bailão,0.1275,False
toronto_2023,2023-06-26,toronto_2023-2023-06-16-e57b0970,Forum Research,2023-06-16,10060.0,"bailao,bradford,chow,furey,hunter,matlow,saunders",https://en.wikipedia.org/wiki/2023_Toronto_mayoral_by-election,bradford,Brad Bradford,0.0392,False
toronto_2023,2023-06-26,toronto_2023-2023-06-16-e57b0970,Forum Research,2023-06-16,10060.0,"bailao,bradford,chow,furey,hunter,matlow,saunders",https://en.wikipedia.org/wiki/2023_Toronto_mayoral_by-election,chow,Olivia Chow,0.3137,False
toronto_2023,2023-06-26,toronto_2023-2023-06-16-e57b0970,Forum Research,2023-06-16,10060.0,"bailao,bradford,chow,furey,hunter,matlow,saunders",https://en.wikipedia.org/wiki/2023_Toronto_mayoral_by-election,furey,Anthony Furey,0.1275,False
toronto_2023,2023-06-26,toronto_2023-2023-06-16-e57b0970,Forum Research,2023-06-16,10060.0,"bailao,bradford,chow,furey,hunter,matlow,saunders",https://en.wikipedia.org/wiki/2023_Toronto_mayoral_by-election,hunter,Mitzie Hunter,0.0588,False
toronto_2023,2023-06-26,toronto_2023-2023-06-16-e57b0970,Forum Research,2023-06-16,10060.0,"bailao,bradford,chow,furey,hunter,matlow,saunders",https://en.wikipedia.org/wiki/2023_Toronto_mayoral_by-election,matlow,Josh Matlow,0.0882,False
toronto_2023,2023-06-26,toronto_2023-2023-06-16-e57b0970,Forum Research,2023-06-16,10060.0,"bailao,bradford,chow,furey,hunter,matlow,saunders",https://en.wikipedia.org/wiki/2023_Toronto_mayoral_by-election,residual,Other / undecided,0.098,True
toronto_2023,2023-06-26,toronto_2023-2023-06-16-e57b0970,Forum Research,2023-06-16,10060.0,"bailao,bradford,chow,furey,hunter,matlow,saunders",https://en.wikipedia.org/wiki/2023_Toronto_mayoral_by-election,saunders,Mark Saunders,0.1471,False
toronto_2023,2023-06-26,toronto_2023-2023-06-18-c78c5dae,Liaison Strategies,2023-06-18,11520.0,"bailao,bradford,chow,furey,hunter,matlow,saunders",https://en.wikipedia.org/wiki/2023_Toronto_mayoral_by-election,bailao,Ana Bailão,0.12,False
toronto_2023,2023-06-26,toronto_2023-2023-06-18-c78c5dae,Liaison Strategies,2023-06-18,11520.0,"bailao,bradford,chow,furey,hunter,matlow,saunders",https://en.wikipedia.org/wiki/2023_Toronto_mayoral_by-election,bradford,Brad Bradford,0.04,False
toronto_2023,2023-06-26,toronto_2023-2023-06-18-c78c5dae,Liaison Strategies,2023-06-18,11520.0,"bailao,bradford,chow,furey,hunter,matlow,saunders",https://en.wikipedia.org/wiki/2023_Toronto_mayoral_by-election,chow,Olivia Chow,0.3,False
toronto_2023,2023-06-26,toronto_2023-2023-06-18-c78c5dae,Liaison Strategies,2023-06-18,11520.0,"bailao,bradford,chow,furey,hunter,matlow,saunders",https://en.wikipedia.org/wiki/2023_Toronto_mayoral_by-election,furey,Anthony Furey,0.1,False
toronto_2023,2023-06-26,toronto_2023-2023-06-18-c78c5dae,Liaison Strategies,2023-06-18,11520.0,"bailao,bradford,chow,furey,hunter,matlow,saunders",https://en.wikipedia.org/wiki/2023_Toronto_mayoral_by-election,hunter,Mitzie Hunter,0.07,False
toronto_2023,2023-06-26,toronto_2023-2023-06-18-c78c5dae,Liaison Strategies,2023-06-18,11520.0,"bailao,bradford,chow,furey,hunter,matlow,saunders",https://en.wikipedia.org/wiki/2023_Toronto_mayoral_by-election,matlow,Josh Matlow,0.13,False
toronto_2023,2023-06-26,toronto_2023-2023-06-18-c78c5dae,Liaison Strategies,2023-06-18,11520.0,"bailao,bradford,chow,furey,hunter,matlow,saunders",https://en.wikipedia.org/wiki/2023_Toronto_mayoral_by-election,residual,Other / undecided,0.08,True
toronto_2023,2023-06-26,toronto_2023-2023-06-18-c78c5dae,Liaison Strategies,2023-06-18,11520.0,"bailao,bradford,chow,furey,hunter,matlow,saunders",https://en.wikipedia.org/wiki/2023_Toronto_mayoral_by-election,saunders,Mark Saunders,0.16,False
toronto_2023,2023-06-26,toronto_2023-2023-06-19-1521a447,Viewpoints Research,2023-06-19,10070.0,"bailao,bradford,chow,furey,hunter,matlow,saunders",https://en.wikipedia.org/wiki/2023_Toronto_mayoral_by-election,bailao,Ana Bailão,0.12,False
toronto_2023,2023-06-26,toronto_2023-2023-06-19-1521a447,Viewpoints Research,2023-06-19,10070.0,"bailao,bradford,chow,furey,hunter,matlow,saunders",https://en.wikipedia.org/wiki/2023_Toronto_mayoral_by-election,bradford,Brad Bradford,0.08,False
toronto_2023,2023-06-26,toronto_2023-2023-06-19-1521a447,Viewpoints Research,2023-06-19,10070.0,"bailao,bradford,chow,furey,hunter,matlow,saunders",https://en.wikipedia.org/wiki/2023_Toronto_mayoral_by-election,chow,Olivia Chow,0.35,False
toronto_2023,2023-06-26,toronto_2023-2023-06-19-1521a447,Viewpoints Research,2023-06-19,10070.0,"bailao,bradford,chow,furey,hunter,matlow,saunders",https://en.wikipedia.org/wiki/2023_Toronto_mayoral_by-election,furey,Anthony Furey,0.1,False
toronto_2023,2023-06-26,toronto_2023-2023-06-19-1521a447,Viewpoints Research,2023-06-19,10070.0,"bailao,bradford,chow,furey,hunter,matlow,saunders",https://en.wikipedia.org/wiki/2023_Toronto_mayoral_by-election,hunter,Mitzie Hunter,0.06,False
toronto_2023,2023-06-26,toronto_2023-2023-06-19-1521a447,Viewpoints Research,2023-06-19,10070.0,"bailao,bradford,chow,furey,hunter,matlow,saunders",https://en.wikipedia.org/wiki/2023_Toronto_mayoral_by-election,matlow,Josh Matlow,0.1,False
toronto_2023,2023-06-26,toronto_2023-2023-06-19-1521a447,Viewpoints Research,2023-06-19,10070.0,"bailao,bradford,chow,furey,hunter,matlow,saunders",https://en.wikipedia.org/wiki/2023_Toronto_mayoral_by-election,residual,Other / undecided,0.03,True
toronto_2023,2023-06-26,toronto_2023-2023-06-19-1521a447,Viewpoints Research,2023-06-19,10070.0,"bailao,bradford,chow,furey,hunter,matlow,saunders",https://en.wikipedia.org/wiki/2023_Toronto_mayoral_by-election,saunders,Mark Saunders,0.16,False
toronto_2023,2023-06-26,toronto_2023-2023-06-19-1629c424,Mainstreet Research,2023-06-19,5520.0,"bailao,bradford,brown,chow,furey,hunter,matlow,saunders",https://en.wikipedia.org/wiki/2023_Toronto_mayoral_by-election,bailao,Ana Bailão,0.13,False
toronto_2023,2023-06-26,toronto_2023-2023-06-19-1629c424,Mainstreet Research,2023-06-19,5520.0,"bailao,bradford,brown,chow,furey,hunter,matlow,saunders",https://en.wikipedia.org/wiki/2023_Toronto_mayoral_by-election,bradford,Brad Bradford,0.03,False
toronto_2023,2023-06-26,toronto_2023-2023-06-19-1629c424,Mainstreet Research,2023-06-19,5520.0,"bailao,bradford,brown,chow,furey,hunter,matlow,saunders",https://en.wikipedia.org/wiki/2023_Toronto_mayoral_by-election,brown,Chloe Brown,0.04,False
toronto_2023,2023-06-26,toronto_2023-2023-06-19-1629c424,Mainstreet Research,2023-06-19,5520.0,"bailao,bradford,brown,chow,furey,hunter,matlow,saunders",https://en.wikipedia.org/wiki/2023_Toronto_mayoral_by-election,chow,Olivia Chow,0.36,False
toronto_2023,2023-06-26,toronto_2023-2023-06-19-1629c424,Mainstreet Research,2023-06-19,5520.0,"bailao,bradford,brown,chow,furey,hunter,matlow,saunders",https://en.wikipedia.org/wiki/2023_Toronto_mayoral_by-election,furey,Anthony Furey,0.07,False
toronto_2023,2023-06-26,toronto_2023-2023-06-19-1629c424,Mainstreet Research,2023-06-19,5520.0,"bailao,bradford,brown,chow,furey,hunter,matlow,saunders",https://en.wikipedia.org/wiki/2023_Toronto_mayoral_by-election,hunter,Mitzie Hunter,0.07,False
toronto_2023,2023-06-26,toronto_2023-2023-06-19-1629c424,Mainstreet Research,2023-06-19,5520.0,"bailao,bradford,brown,chow,furey,hunter,matlow,saunders",https://en.wikipedia.org/wiki/2023_Toronto_mayoral_by-election,matlow,Josh Matlow,0.12,False
toronto_2023,2023-06-26,toronto_2023-2023-06-19-1629c424,Mainstreet Research,2023-06-19,5520.0,"bailao,bradford,brown,chow,furey,hunter,matlow,saunders",https://en.wikipedia.org/wiki/2023_Toronto_mayoral_by-election,residual,Other / undecided,0.05,True
toronto_2023,2023-06-26,toronto_2023-2023-06-19-1629c424,Mainstreet Research,2023-06-19,5520.0,"bailao,bradford,brown,chow,furey,hunter,matlow,saunders",https://en.wikipedia.org/wiki/2023_Toronto_mayoral_by-election,saunders,Mark Saunders,0.13,False
toronto_2023,2023-06-26,toronto_2023-2023-06-22-40f3d792,Mainstreet Research,2023-06-22,14810.0,"bailao,bradford,brown,chow,furey,hunter,matlow,saunders",https://en.wikipedia.org/wiki/2023_Toronto_mayoral_by-election,bailao,Ana Bailão,0.22,False
toronto_2023,2023-06-26,toronto_2023-2023-06-22-40f3d792,Mainstreet Research,2023-06-22,14810.0,"bailao,bradford,brown,chow,furey,hunter,matlow,saunders",https://en.wikipedia.org/wiki/2023_Toronto_mayoral_by-election,bradford,Brad Bradford,0.02,False
toronto_2023,2023-06-26,toronto_2023-2023-06-22-40f3d792,Mainstreet Research,2023-06-22,14810.0,"bailao,bradford,brown,chow,furey,hunter,matlow,saunders",https://en.wikipedia.org/wiki/2023_Toronto_mayoral_by-election,brown,Chloe Brown,0.02,False
toronto_2023,2023-06-26,toronto_2023-2023-06-22-40f3d792,Mainstreet Research,2023-06-22,14810.0,"bailao,bradford,brown,chow,furey,hunter,matlow,saunders",https://en.wikipedia.org/wiki/2023_Toronto_mayoral_by-election,chow,Olivia Chow,0.3,False
toronto_2023,2023-06-26,toronto_2023-2023-06-22-40f3d792,Mainstreet Research,2023-06-22,14810.0,"bailao,bradford,brown,chow,furey,hunter,matlow,saunders",https://en.wikipedia.org/wiki/2023_Toronto_mayoral_by-election,furey,Anthony Furey,0.13,False
toronto_2023,2023-06-26,toronto_2023-2023-06-22-40f3d792,Mainstreet Research,2023-06-22,14810.0,"bailao,bradford,brown,chow,furey,hunter,matlow,saunders",https://en.wikipedia.org/wiki/2023_Toronto_mayoral_by-election,hunter,Mitzie Hunter,0.05,False
toronto_2023,2023-06-26,toronto_2023-2023-06-22-40f3d792,Mainstreet Research,2023-06-22,14810.0,"bailao,bradford,brown,chow,furey,hunter,matlow,saunders",https://en.wikipedia.org/wiki/2023_Toronto_mayoral_by-election,matlow,Josh Matlow,0.09,False
toronto_2023,2023-06-26,toronto_2023-2023-06-22-40f3d792,Mainstreet Research,2023-06-22,14810.0,"bailao,bradford,brown,chow,furey,hunter,matlow,saunders",https://en.wikipedia.org/wiki/2023_Toronto_mayoral_by-election,residual,Other / undecided,0.05,True
toronto_2023,2023-06-26,toronto_2023-2023-06-22-40f3d792,Mainstreet Research,2023-06-22,14810.0,"bailao,bradford,brown,chow,furey,hunter,matlow,saunders",https://en.wikipedia.org/wiki/2023_Toronto_mayoral_by-election,saunders,Mark Saunders,0.12,False
toronto_2023,2023-06-26,toronto_2023-2023-06-23-2c0221b3,Liaison Strategies,2023-06-23,10860.0,"bailao,bradford,chow,furey,hunter,matlow,saunders",https://en.wikipedia.org/wiki/2023_Toronto_mayoral_by-election,bailao,Ana Bailão,0.17,False
toronto_2023,2023-06-26,toronto_2023-2023-06-23-2c0221b3,Liaison Strategies,2023-06-23,10860.0,"bailao,bradford,chow,furey,hunter,matlow,saunders",https://en.wikipedia.org/wiki/2023_Toronto_mayoral_by-election,bradford,Brad Bradford,0.04,False
toronto_2023,2023-06-26,toronto_2023-2023-06-23-2c0221b3,Liaison Strategies,2023-06-23,10860.0,"bailao,bradford,chow,furey,hunter,matlow,saunders",https://en.wikipedia.org/wiki/2023_Toronto_mayoral_by-election,chow,Olivia Chow,0.31,False
toronto_2023,2023-06-26,toronto_2023-2023-06-23-2c0221b3,Liaison Strategies,2023-06-23,10860.0,"bailao,bradford,chow,furey,hunter,matlow,saunders",https://en.wikipedia.org/wiki/2023_Toronto_mayoral_by-election,furey,Anthony Furey,0.11,False
toronto_2023,2023-06-26,toronto_2023-2023-06-23-2c0221b3,Liaison Strategies,2023-06-23,10860.0,"bailao,bradford,chow,furey,hunter,matlow,saunders",https://en.wikipedia.org/wiki/2023_Toronto_mayoral_by-election,hunter,Mitzie Hunter,0.06,False
toronto_2023,2023-06-26,toronto_2023-2023-06-23-2c0221b3,Liaison Strategies,2023-06-23,10860.0,"bailao,bradford,chow,furey,hunter,matlow,saunders",https://en.wikipedia.org/wiki/2023_Toronto_mayoral_by-election,matlow,Josh Matlow,0.1,False
toronto_2023,2023-06-26,toronto_2023-2023-06-23-2c0221b3,Liaison Strategies,2023-06-23,10860.0,"bailao,bradford,chow,furey,hunter,matlow,saunders",https://en.wikipedia.org/wiki/2023_Toronto_mayoral_by-election,residual,Other / undecided,0.05,True
toronto_2023,2023-06-26,toronto_2023-2023-06-23-2c0221b3,Liaison Strategies,2023-06-23,10860.0,"bailao,bradford,chow,furey,hunter,matlow,saunders",https://en.wikipedia.org/wiki/2023_Toronto_mayoral_by-election,saunders,Mark Saunders,0.16,False
toronto_2023,2023-06-26,toronto_2023-2023-06-23-5253ec7d,Forum Research,2023-06-23,10370.0,"bailao,bradford,chow,furey,hunter,matlow,saunders",https://en.wikipedia.org/wiki/2023_Toronto_mayoral_by-election,bailao,Ana Bailão,0.2,False
toronto_2023,2023-06-26,toronto_2023-2023-06-23-5253ec7d,Forum Research,2023-06-23,10370.0,"bailao,bradford,chow,furey,hunter,matlow,saunders",https://en.wikipedia.org/wiki/2023_Toronto_mayoral_by-election,bradford,Brad Bradford,0.03,False
toronto_2023,2023-06-26,toronto_2023-2023-06-23-5253ec7d,Forum Research,2023-06-23,10370.0,"bailao,bradford,chow,furey,hunter,matlow,saunders",https://en.wikipedia.org/wiki/2023_Toronto_mayoral_by-election,chow,Olivia Chow,0.29,False
toronto_2023,2023-06-26,toronto_2023-2023-06-23-5253ec7d,Forum Research,2023-06-23,10370.0,"bailao,bradford,chow,furey,hunter,matlow,saunders",https://en.wikipedia.org/wiki/2023_Toronto_mayoral_by-election,furey,Anthony Furey,0.11,False
toronto_2023,2023-06-26,toronto_2023-2023-06-23-5253ec7d,Forum Research,2023-06-23,10370.0,"bailao,bradford,chow,furey,hunter,matlow,saunders",https://en.wikipedia.org/wiki/2023_Toronto_mayoral_by-election,hunter,Mitzie Hunter,0.05,False
toronto_2023,2023-06-26,toronto_2023-2023-06-23-5253ec7d,Forum Research,2023-06-23,10370.0,"bailao,bradford,chow,furey,hunter,matlow,saunders",https://en.wikipedia.org/wiki/2023_Toronto_mayoral_by-election,matlow,Josh Matlow,0.08,False
toronto_2023,2023-06-26,toronto_2023-2023-06-23-5253ec7d,Forum Research,2023-06-23,10370.0,"bailao,bradford,chow,furey,hunter,matlow,saunders",https://en.wikipedia.org/wiki/2023_Toronto_mayoral_by-election,residual,Other / undecided,0.09,True
toronto_2023,2023-06-26,toronto_2023-2023-06-23-5253ec7d,Forum Research,2023-06-23,10370.0,"bailao,bradford,chow,furey,hunter,matlow,saunders",https://en.wikipedia.org/wiki/2023_Toronto_mayoral_by-election,saunders,Mark Saunders,0.15,False
toronto_2023,2023-06-26,toronto_2023-2023-06-24-7cdc9fdb,Mainstreet Research,2023-06-24,9400.0,"bailao,bradford,brown,chow,furey,hunter,matlow,saunders",https://en.wikipedia.org/wiki/2023_Toronto_mayoral_by-election,bailao,Ana Bailão,0.25,False
toronto_2023,2023-06-26,toronto_2023-2023-06-24-7cdc9fdb,Mainstreet Research,2023-06-24,9400.0,"bailao,bradford,brown,chow,furey,hunter,matlow,saunders",https://en.wikipedia.org/wiki/2023_Toronto_mayoral_by-election,bradford,Brad Bradford,0.01,False
toronto_2023,2023-06-26,toronto_2023-2023-06-24-7cdc9fdb,Mainstreet Research,2023-06-24,9400.0,"bailao,bradford,brown,chow,furey,hunter,matlow,saunders",https://en.wikipedia.org/wiki/2023_Toronto_mayoral_by-election,brown,Chloe Brown,0.02,False
toronto_2023,2023-06-26,toronto_2023-2023-06-24-7cdc9fdb,Mainstreet Research,2023-06-24,9400.0,"bailao,bradford,brown,chow,furey,hunter,matlow,saunders",https://en.wikipedia.org/wiki/2023_Toronto_mayoral_by-election,chow,Olivia Chow,0.34,False
toronto_2023,2023-06-26,toronto_2023-2023-06-24-7cdc9fdb,Mainstreet Research,2023-06-24,9400.0,"bailao,bradford,brown,chow,furey,hunter,matlow,saunders",https://en.wikipedia.org/wiki/2023_Toronto_mayoral_by-election,furey,Anthony Furey,0.1,False
toronto_2023,2023-06-26,toronto_2023-2023-06-24-7cdc9fdb,Mainstreet Research,2023-06-24,9400.0,"bailao,bradford,brown,chow,furey,hunter,matlow,saunders",https://en.wikipedia.org/wiki/2023_Toronto_mayoral_by-election,hunter,Mitzie Hunter,0.05,False
toronto_2023,2023-06-26,toronto_2023-2023-06-24-7cdc9fdb,Mainstreet Research,2023-06-24,9400.0,"bailao,bradford,brown,chow,furey,hunter,matlow,saunders",https://en.wikipedia.org/wiki/2023_Toronto_mayoral_by-election,matlow,Josh Matlow,0.07,False
toronto_2023,2023-06-26,toronto_2023-2023-06-24-7cdc9fdb,Mainstreet Research,2023-06-24,9400.0,"bailao,bradford,brown,chow,furey,hunter,matlow,saunders",https://en.wikipedia.org/wiki/2023_Toronto_mayoral_by-election,residual,Other / undecided,0.05,True
toronto_2023,2023-06-26,toronto_2023-2023-06-24-7cdc9fdb,Mainstreet Research,2023-06-24,9400.0,"bailao,bradford,brown,chow,furey,hunter,matlow,saunders",https://en.wikipedia.org/wiki/2023_Toronto_mayoral_by-election,saunders,Mark Saunders,0.11,False
toronto_2023,2023-06-26,toronto_2023-2023-06-25-c32aea31,Mainstreet Research,2023-06-25,10300.0,"bailao,bradford,brown,chow,furey,hunter,matlow,saunders",https://en.wikipedia.org/wiki/2023_Toronto_mayoral_by-election,bailao,Ana Bailão,0.297,False
toronto_2023,2023-06-26,toronto_2023-2023-06-25-c32aea31,Mainstreet Research,2023-06-25,10300.0,"bailao,bradford,brown,chow,furey,hunter,matlow,saunders",https://en.wikipedia.org/wiki/2023_Toronto_mayoral_by-election,bradford,Brad Bradford,0.0099,False
toronto_2023,2023-06-26,toronto_2023-2023-06-25-c32aea31,Mainstreet Research,2023-06-25,10300.0,"bailao,bradford,brown,chow,furey,hunter,matlow,saunders",https://en.wikipedia.org/wiki/2023_Toronto_mayoral_by-election,brown,Chloe Brown,0.0099,False
toronto_2023,2023-06-26,toronto_2023-2023-06-25-c32aea31,Mainstreet Research,2023-06-25,10300.0,"bailao,bradford,brown,chow,furey,hunter,matlow,saunders",https://en.wikipedia.org/wiki/2023_Toronto_mayoral_by-election,chow,Olivia Chow,0.3564,False
toronto_2023,2023-06-26,toronto_2023-2023-06-25-c32aea31,Mainstreet Research,2023-06-25,10300.0,"bailao,bradford,brown,chow,furey,hunter,matlow,saunders",https://en.wikipedia.org/wiki/2023_Toronto_mayoral_by-election,furey,Anthony Furey,0.0792,False
toronto_2023,2023-06-26,toronto_2023-2023-06-25-c32aea31,Mainstreet Research,2023-06-25,10300.0,"bailao,bradford,brown,chow,furey,hunter,matlow,saunders",https://en.wikipedia.org/wiki/2023_Toronto_mayoral_by-election,hunter,Mitzie Hunter,0.0495,False
toronto_2023,2023-06-26,toronto_2023-2023-06-25-c32aea31,Mainstreet Research,2023-06-25,10300.0,"bailao,bradford,brown,chow,furey,hunter,matlow,saunders",https://en.wikipedia.org/wiki/2023_Toronto_mayoral_by-election,matlow,Josh Matlow,0.0792,False
toronto_2023,2023-06-26,toronto_2023-2023-06-25-c32aea31,Mainstreet Research,2023-06-25,10300.0,"bailao,bradford,brown,chow,furey,hunter,matlow,saunders",https://en.wikipedia.org/wiki/2023_Toronto_mayoral_by-election,residual,Other / undecided,0.0297,True
toronto_2023,2023-06-26,toronto_2023-2023-06-25-c32aea31,Mainstreet Research,2023-06-25,10300.0,"bailao,bradford,brown,chow,furey,hunter,matlow,saunders",https://en.wikipedia.org/wiki/2023_Toronto_mayoral_by-election,saunders,Mark Saunders,0.0891,False
