poll_reading_id,poll_sample_id,source_document_id,source_locator,contest_type,contest_id,question_order_status,question_order,document_display_order,question_text_status,question_text,scenario_label,population,turnout_screen,turnout_screen_text,denominator_type,denominator_text,unweighted_base_status,unweighted_base,weighted_base_status,weighted_base,reported_base_status,reported_base,tested_choice_set_status,response_coverage,reported_share_unit,reported_share_precision,notes,reading_purpose
ipsos_nov2013_scenario1,ipsos_city_2013_11_08_12_n665,ipsos_2013-11-12_tables,physical page 10,mayoral,toronto-mayor-2014,reported,3,10,reported,"Below is a series of potential match-ups for the upcoming Toronto municipal election. For each Scenario, if there was an election tomorrow, please indicate who you would vote for to be the Mayor of the City of Toronto:",Scenario #1,Torontonians,none,,all_respondents,All Respondents,reported,665,reported,665,not_reported,,complete,complete,percent,0,One of four dependent hypothetical ballot scenarios from the same sample. Option order in responses is document row order only; it does not assert randomized presentation order. Published percentages sum to 99 due to rounding.,general_vote_intention
ipsos_nov2013_scenario2,ipsos_city_2013_11_08_12_n665,ipsos_2013-11-12_tables,physical page 11,mayoral,toronto-mayor-2014,reported,3,11,reported,"Below is a series of potential match-ups for the upcoming Toronto municipal election. For each Scenario, if there was an election tomorrow, please indicate who you would vote for to be the Mayor of the City of Toronto:",Scenario #2,Torontonians,none,,all_respondents,All Respondents,reported,665,reported,665,not_reported,,complete,complete,percent,0,One of four dependent hypothetical ballot scenarios from the same sample. Option order in responses is document row order only; it does not assert randomized presentation order.,general_vote_intention
ipsos_nov2013_scenario3,ipsos_city_2013_11_08_12_n665,ipsos_2013-11-12_tables,physical page 12,mayoral,toronto-mayor-2014,reported,3,12,reported,"Below is a series of potential match-ups for the upcoming Toronto municipal election. For each Scenario, if there was an election tomorrow, please indicate who you would vote for to be the Mayor of the City of Toronto:",Scenario #3,Torontonians,none,,all_respondents,All Respondents,reported,665,reported,665,not_reported,,complete,complete,percent,0,One of four dependent hypothetical ballot scenarios from the same sample. Option order in responses is document row order only; it does not assert randomized presentation order. Published percentages sum to 101 due to rounding.,general_vote_intention
ipsos_nov2013_scenario4,ipsos_city_2013_11_08_12_n665,ipsos_2013-11-12_tables,physical page 13,mayoral,toronto-mayor-2014,reported,3,13,reported,"Below is a series of potential match-ups for the upcoming Toronto municipal election. For each Scenario, if there was an election tomorrow, please indicate who you would vote for to be the Mayor of the City of Toronto:",Scenario #4,Torontonians,none,,all_respondents,All Respondents,reported,665,reported,665,not_reported,,complete,complete,percent,0,One of four dependent hypothetical ballot scenarios from the same sample. Option order in responses is document row order only; it does not assert randomized presentation order.,general_vote_intention
ipsos_sep16_decided,ipsos_city_2014_09_12_16_n596,ipsos_2014-09-16_tables,physical page 1,mayoral,toronto-mayor-2014,reported,1,1,reported,"If the Election for Toronto Mayor were to be held tomorrow, which of the following candidates would you vote for:",published three-candidate field,Torontonians described by the release as decided voters,none,,decided_respondents,Undecided voters were screened out,reported,596,reported,596,not_reported,,complete,complete,percent,0,"The table's base label is literally """"416 or 647"""" while the total unweighted and weighted bases are each 596; the unexplained label is preserved in this note rather than interpreted. Option order is document row order only.",general_vote_intention
ipsos_sep26_decided_leaners,ipsos_city_2014_09_23_26_n1252,ipsos_2014-09-26_table_excerpt,physical page 1; printed page 4 of 58,mayoral,toronto-mayor-2014,not_reported,,1,reported,"If the Toronto municipal election were held tomorrow, which of the following candidates would you vote for? Which way are you leaning?",published three-candidate field,Torontonians,none,,custom,Decided - Leaners,reported,1105,reported,1105,not_reported,,complete,complete,percent,1,The public artifact is only the ballot-table page; QB/QC are printed but no numeric questionnaire order is inferred. Published shares sum to 100.1 due to rounding. Option order is document row order only.,general_vote_intention
ipsos_oct23_decided_leaners,ipsos_city_2014_10_21_23_n1201,ipsos_2014-10-23_table_excerpt,physical page 2; printed page 4 of 27,mayoral,toronto-mayor-2014,not_reported,,2,not_reported,,Decided-Leaners Included,Torontonians,none,,custom,Total answering a candidate at B or C,reported,1066,reported,1048,not_reported,,unknown,complete,percent,1,The attachment omits the B and C question pages; no exact ballot wording or questionnaire order is reconstructed. The result table itself fully reports the response distribution. Published shares sum to 99.9 due to rounding. Option order is document row order only.,general_vote_intention
nanos_jul_raw,nanos_city_2014_07_02_05_n600,nanos_2014-07-05_full,physical pages 6 and 22; summary chart and stat sheet page 3,mayoral,toronto-mayor-2014,reported,3,6,reported,"If the election for Mayor of Toronto were held today, please tell me your first choice and your second choice from the following list of candidates: [ROTATE ORDER]",First Ranked Response; Excluding Leaners,Eligible voters in the City of Toronto,eligible_voters,,all_respondents,All respondents; first-ranked response excluding leaners,reported,600,reported,600,not_reported,,complete,complete,percent,1,Precise stat-sheet values are retained instead of the rounded summary chart. Option order is stat-sheet row order only; the question says response order was rotated.,general_vote_intention
nanos_jul_initially_unsure_leaning,nanos_city_2014_07_02_05_n600,nanos_2014-07-05_full,physical pages 7 and 25; summary chart and stat sheet page 6,mayoral,toronto-mayor-2014,reported,4,7,reported,Are you currently leaning toward any candidate for Mayor of Toronto?,Question 4 (undecided only),Respondents initially unsure at Question 3,eligible_voters,,custom,Respondents initially unsure at Question 3,reported,67,reported,79,not_reported,,unknown,complete,percent,1,The detailed stat sheet omits the two zero-response candidates while the summary chart publishes each as 0%; both are retained. The question asks about any candidate rather than printing a tested candidate list; tested_choice_set_status therefore remains unknown. Option order is document display order only.,conditional_lean_followup
nanos_jul_vote_profile,nanos_city_2014_07_02_05_n600,nanos_2014-07-05_full,physical page 26; stat sheet page 7,mayoral,toronto-mayor-2014,not_reported,,26,not_reported,,Vote Profile,Eligible voters in the City of Toronto,eligible_voters,,all_respondents,Vote Profile; all respondents after the leaning question,reported,600,reported,600,not_reported,,complete,complete,percent,1,"This source-labelled derived profile is dependent on Questions 3 and 4; no single combined question is printed on the cited page, so their relationship is retained here without synthesizing question text. No singular question order is asserted. Precise stat-sheet values are retained. Option order is document row order only.",general_vote_intention
nanos_jul_ballot,nanos_city_2014_07_02_05_n600,nanos_2014-07-05_full,physical pages 8 and 27; summary chart and stat sheet page 8,mayoral,toronto-mayor-2014,reported,3,8,reported,"If the election for Mayor of Toronto were held today, please tell me your first choice and your second choice from the following list of candidates: [ROTATE ORDER]",Ballot; decided voters,Eligible voters in the City of Toronto,eligible_voters,,decided_respondents,Ballot; decided voters,reported,546,reported,534,not_reported,,complete,complete,percent,1,The source labels this product Ballot and describes it as among decided voters. It does not explicitly explain the transformation from the raw first-ranked table; no further transformation is inferred. Precise stat-sheet values are retained and sum to 100.1 due to rounding.,general_vote_intention
maple_leaf_jul_all,maple_leaf_city_2014_07_28_30_n800,maple_leaf_2014-07-30_release,physical page 2; All Voters column,mayoral,toronto-mayor-2014,not_reported,,2,reported,"If an election was held today to choose a mayor of Toronto, which of the following people would you be most likely to vote for if the candidates for mayor were [RANDOMIZE]…",published five-candidate field,Toronto citizens,none,,all_respondents,All Voters,not_reported,,not_reported,,not_reported,,complete,complete,percent,0,The release reports a parent sample of 800 but does not identify a reading-level base; no base is copied by inference. Volunteered undecided; nonvoter; don't-know; and refusal responses remain separate. Published shares sum to 99 due to rounding. Option order is document row order only.,general_vote_intention
maple_leaf_jul_decided,maple_leaf_city_2014_07_28_30_n800,maple_leaf_2014-07-30_release,physical page 2; Decided column,mayoral,toronto-mayor-2014,not_reported,,2,reported,"If an election was held today to choose a mayor of Toronto, which of the following people would you be most likely to vote for if the candidates for mayor were [RANDOMIZE]…",published five-candidate field,Toronto citizens,none,,decided_respondents,Decided,not_reported,,not_reported,,not_reported,,complete,complete,percent,0,The release does not print a decided-voter base; no base is derived from the parent sample or rounded undecided share. Published shares sum to 101 due to rounding. Option order is document row order only.,general_vote_intention
nanos_sep_all,nanos_city_2014_09_16_20_n1000,nanos_2014-09_full,physical pages 4 and 17,mayoral,toronto-mayor-2014,reported,2,1,reported,"If the election for mayor of Toronto were held today, please tell me your first choice and your second choice from the following list of three candidates: [First ranked responses]",First-ranked response including Unsure,Very likely Toronto municipal voters,likely_voters,,all_respondents,First-ranked response including Unsure,not_reported,,not_reported,,reported,1000,unknown,complete,percent,1,Precise stat-sheet percentages are retained instead of the rounded summary chart. The summary says three candidates while the draft stat-sheet wording says five even though it publishes only Chow Doug Ford Tory and Unsure; tested-choice-set completeness therefore remains unknown.,general_vote_intention
nanos_sep_decided,nanos_city_2014_09_16_20_n1000,nanos_2014-09_full,physical pages 5 and 19,mayoral,toronto-mayor-2014,reported,2,2,reported,"If the election for mayor of Toronto were held today, please tell me your first choice and your second choice from the following list of three candidates: [First ranked responses]",Ballot (decided voters only),Very likely Toronto municipal voters,likely_voters,,decided_respondents,Ballot (decided voters only),not_reported,,not_reported,,reported,925,unknown,complete,percent,1,Dependent decided-voter transformation of the first-ranked reading. Precise stat-sheet values are retained and sum to 100.1% because of source rounding. The source's three-versus-five wording inconsistency leaves tested-choice-set completeness unknown.,general_vote_intention
viewpoints_may2_raw,viewpoints_city_2023_04_29_05_02_n400,viewpoints_2023-05-02_full,"page 1, Raw vote table",mayoral,toronto-mayor-2023,not_reported,,2,reported,Who do you plan to vote for as Toronto’s Mayor in this by-election?,Raw vote,Torontonians aged 18 and over who said they intended to vote in the mayoral by-election,custom,respondents who said they intended to vote in the mayoral by-election,all_respondents,Raw vote,not_reported,,not_reported,,reported,400,unknown,complete,percent,1,The PDF publishes a generic Base of 400 rather than identifying it as weighted or unweighted. Values sum to 100.2% because of source rounding and are not rescaled.,general_vote_intention
viewpoints_may2_decided,viewpoints_city_2023_04_29_05_02_n400,viewpoints_2023-05-02_full,"page 1, Decided vote table",mayoral,toronto-mayor-2023,not_reported,,3,reported,Who do you plan to vote for as Toronto’s Mayor in this by-election?,Decided vote,Torontonians aged 18 and over who said they intended to vote in the mayoral by-election,custom,respondents who said they intended to vote in the mayoral by-election,decided_respondents,Decided vote,not_reported,,not_reported,,reported,264,unknown,complete,percent,0,Dependent decided-vote transformation of the raw reading. The PDF publishes a generic Base of 264 rather than identifying it as weighted or unweighted. Values sum to 101% because of source rounding and are not rescaled.,general_vote_intention
viewpoints_jun19_raw,viewpoints_city_2023_06_15_19_n1007,viewpoints_2023-06-15_19_full,"page 1, June 19 Raw vote column",mayoral,toronto-mayor-2023,not_reported,,2,reported,Who do you plan to vote for as Toronto’s Mayor in this by-election?,Raw vote,Toronto mayoral by-election respondents,not_reported,,all_respondents,Raw vote,not_reported,,not_reported,,reported,1007,unknown,complete,percent,1,The PDF publishes a generic Base of 1007 rather than identifying it as weighted or unweighted. Values sum to 100.1% because of source rounding and are not rescaled. Adjacent June 2 and May 2 columns are separate recruited samples.,general_vote_intention
viewpoints_jun19_leaning,viewpoints_city_2023_06_15_19_n1007,viewpoints_2023-06-15_19_full,"page 1, June 19 Decided + leaning vote column",mayoral,toronto-mayor-2023,not_reported,,4,reported,Who do you plan to vote for as Toronto’s Mayor in this by-election?,Decided + leaning vote,Toronto mayoral by-election respondents,not_reported,,decided_respondents,Decided + leaning vote,not_reported,,not_reported,,reported,881,unknown,complete,percent,0,Dependent source-labelled transformation of the raw vote and separate leaning follow-up. The conditional leaning table has Base 181; it is not duplicated as a standalone forecast reading in this proportional pilot conversion. The final values sum to 101% because of source rounding.,general_vote_intention
dart_2018_head_to_head,dart_city_2018_10_12_15_n669,dart_2018_10_12_15_factum,page 1 release prose,mayoral,toronto-mayor-2018,not_reported,,,not_reported,,head-to-head match-up: John Tory versus Jennifer Keesmaat,Toronto adults,not_reported,,not_reported,,not_reported,,not_reported,,not_reported,,unknown,partial,percent,0,The exact question response options denominator and reading base are not published. The factum calls respondents potential voters and explicitly warns that the head-to-head should not be portrayed as a real voting-day outcome. Only Tory 62% and Keesmaat 27% are reported; the 11-point remainder is not synthesized.,general_vote_intention
probit_2018_all,probit_city_2018_08_20_09_05_n1635,probit_2018_08_20_09_05_all_chart,entire image,mayoral,toronto-mayor-2018,not_reported,,,not_reported,,published chart including undecided,Torontonians,not_reported,,not_reported,,not_reported,,not_reported,,reported,1635,unknown,complete,percent,0,Chart title is presentation text rather than evidenced questionnaire wording. The complete chart includes an Undecided bar but does not name the denominator. Sample 1635 is a generic chart label and is therefore stored as reported_base rather than a typed reading base.,general_vote_intention
probit_2018_undecideds_removed,probit_city_2018_08_20_09_05_n1635,probit_2018_08_20_09_05_decided_chart,entire image,mayoral,toronto-mayor-2018,not_reported,,,not_reported,,published chart with undecideds removed,Torontonians,not_reported,,custom,undecideds removed,not_reported,,not_reported,,reported,1152,unknown,complete,percent,0,This is a dependent transformation of the same parent sample. The source says undecideds removed rather than decided voters. Sample 1152 is a generic chart label and is therefore stored as reported_base rather than a typed reading base.,general_vote_intention
viewpoints_2023_06_02_raw,viewpoints_city_2023_06_01_02_n1004,viewpoints_2023_06_01_02_marginals,"page 1, June 2 Raw vote column",mayoral,toronto-mayor-2023,not_reported,,1,reported,Who do you plan to vote for as Toronto’s Mayor in this by-election?,Raw vote,Torontonians aged 18 and over who said they intend to vote in the upcoming by-election,custom,respondents who said they intend to vote in the upcoming by-election,all_respondents,Raw vote,not_reported,,not_reported,,reported,1004,unknown,complete,percent,1,The PDF publishes a generic Base of 1004 rather than identifying it as weighted or unweighted. Values sum to 99.9% because of source rounding and are not rescaled. The adjacent May 2 column is a separate recruited sample.,general_vote_intention
viewpoints_2023_06_02_decided,viewpoints_city_2023_06_01_02_n1004,viewpoints_2023_06_01_02_marginals,"page 1, June 2 Decided vote column",mayoral,toronto-mayor-2023,not_reported,,2,reported,Who do you plan to vote for as Toronto’s Mayor in this by-election?,Decided vote,Torontonians aged 18 and over who said they intend to vote in the upcoming by-election,custom,respondents who said they intend to vote in the upcoming by-election,decided_respondents,Decided vote,not_reported,,not_reported,,reported,780,unknown,complete,percent,0,Dependent decided-vote transformation of the raw reading. The PDF publishes a generic Base of 780 rather than identifying it as weighted or unweighted. The adjacent May 2 column is a separate recruited sample.,general_vote_intention
ipsos_2023_raw,ipsos_city_2023_06_09_13_n1001,ipsos_2023_06_09_13_tables,"physical page 3, printed page 5 of 33, total column",mayoral,toronto-mayor-2023,not_reported,,1,reported,"If the by-election for a new Mayor in the City of Toronto were held today, who would you vote for?",raw first choice,Eligible voters in Toronto aged 18+,eligible_voters,,all_respondents,Base: Total Answering,reported,1001,not_reported,,reported,1001,unknown,complete,percent,1,Table separately labels Unweighted Base 1001 and Base: Total Answering 1001; the latter is generic rather than explicitly weighted. Shares sum to 100.1% because of source rounding.,general_vote_intention
ipsos_2023_conditional_lean,ipsos_city_2023_06_09_13_n1001,ipsos_2023_06_09_13_tables,"physical page 4, printed page 6 of 33, total column",mayoral,toronto-mayor-2023,not_reported,,2,reported,"Which candidate, if any, would you lean towards voting for?",conditional lean among initial I don't know respondents,Eligible voters in Toronto aged 18+,eligible_voters,,custom,Base: Not sure who would vote for,reported,198,not_reported,,reported,206,unknown,complete,percent,1,This is a dependent follow-up restricted to initial I don't know respondents. The table labels Unweighted Base 198 and generic Base: Not sure who would vote for 206. Shares sum to 99.9% because of source rounding.,conditional_lean_followup
ipsos_2023_total,ipsos_city_2023_06_09_13_n1001,ipsos_2023_06_09_13_tables,"physical page 5, printed page 7 of 33, total column",mayoral,toronto-mayor-2023,not_reported,,3,not_reported,,first choice plus follow-up leaning responses: source-labelled Who would you vote for - Total,Eligible voters in Toronto aged 18+,eligible_voters,,all_respondents,Base: Total Answering,reported,1001,not_reported,,reported,1001,unknown,complete,percent,1,Pollster-derived dependent reading combining the first-choice and conditional lean questions. No reconstructed question text is asserted. Table separately labels Unweighted Base 1001 and generic Base: Total Answering 1001. I don't know remains explicit; shares sum to 99.9% because of rounding.,general_vote_intention
ipsos_2023_total_repercentaged,ipsos_city_2023_06_09_13_n1001,ipsos_2023_06_09_13_tables,"physical page 6, printed page 8 of 33, total column",mayoral,toronto-mayor-2023,not_reported,,4,not_reported,,source-repercentaged total after remaining I don't know excluded,Eligible voters in Toronto aged 18+,eligible_voters,,valid_responses,Base: Total Valid Response,not_reported,,not_reported,,reported,861,unknown,complete,percent,1,Pollster-derived dependent reading labelled Who would you vote for - Total (Re-percentaged). The valid-response base is reported generically as 861; the page's full-sample Unweighted Base 1001 is not copied into this restricted reading. The detailed values supersede rounded factum toplines.,general_vote_intention
forum_2022_oct08_decided_leaning,forum_city_2022_10_07_08_n1017,forum_2022_oct11_release,"PDF p. 2, [Decided / Leaning] Total column",mayoral,toronto-mayor-2022,not_reported,,1,reported,Who will you vote for in the mayoral election on October 24th?,published candidate field,Eligible voters across Toronto,eligible_voters,,custom,[Decided / Leaning],not_reported,,not_reported,,reported,840,complete,complete,percent,0,Forum publishes the complete offered response set: four named candidates plus Other. The source percentages are preserved without normalization. Questionnaire order and routing are not reported; document_display_order and response option_order describe publication layout only.,general_vote_intention
forum_2023_feb13_decided_leaning,forum_city_2023_02_13_n1042,forum_2023_feb14_release,"PDF p. 3, Total column",mayoral,toronto-mayor-2023,not_reported,,1,reported,"If there was a by-election for mayor, who would you vote for?",published potential field,Toronto residents age 18+ (release prose; methodology inconsistently says Ontario residents),none,,custom,Decided / leaning voters,not_reported,,not_reported,,reported,707,complete,complete,percent,0,Source-published shares sum to 101% because of rounding. The source's internal geography conflict is preserved at sample and population level. Questionnaire order and routing are not reported; document_display_order and response option_order describe publication layout only.,general_vote_intention
forum_2023_mar23_all,forum_city_2023_03_22_23_n1009,forum_2023_mar24_release,"PDF p. 2, [ALL RESPONDENTS] Total column",mayoral,toronto-mayor-2023,not_reported,,1,reported,"Toronto's next election for mayor will be on June 26. Candidates can register starting April 3. If there was an election for mayor of Toronto tomorrow, which potential candidate would you vote for?",published potential field,Toronto residents age 18+,none,,all_respondents,[ALL RESPONDENTS],not_reported,,not_reported,,reported,1009,complete,complete,percent,0,Source percentages are preserved without normalization. Questionnaire order and routing are not reported; document_display_order and response option_order describe publication layout only.,general_vote_intention
forum_2023_mar23_decided_leaning,forum_city_2023_03_22_23_n1009,forum_2023_mar24_release,"PDF p. 4, [DECIDED/LEANING] Total column",mayoral,toronto-mayor-2023,not_reported,,2,reported,"If there was an election for mayor of Toronto tomorrow, which potential candidate would you vote for?",published potential field,Toronto residents age 18+,none,,custom,[DECIDED/LEANING],not_reported,,not_reported,,reported,772,complete,partial,percent,0,The source's decided/leaning table publishes seven named candidates but no residual row; response coverage is partial even though the printed values sum to 100%. Questionnaire order and routing are not reported; document_display_order and response option_order describe publication layout only.,general_vote_intention
forum_2023_apr26_all,forum_city_2023_04_25_26_n1022,forum_2023_apr27_release,"PDF p. 2, [ALL RESPONDENTS] Total column",mayoral,toronto-mayor-2023,not_reported,,1,reported,"If there was an election for mayor of Toronto tomorrow, which potential candidate would you vote for?",published current field,Toronto residents age 18+,none,,all_respondents,[ALL RESPONDENTS],not_reported,,not_reported,,reported,1022,complete,complete,percent,0,Source percentages sum to 101% because of rounding and are preserved without normalization. Questionnaire order and routing are not reported; document_display_order and response option_order describe publication layout only.,general_vote_intention
forum_2023_apr26_decided_leaning,forum_city_2023_04_25_26_n1022,forum_2023_apr27_release,"PDF p. 4, [DECIDED/LEANING] Total column",mayoral,toronto-mayor-2023,not_reported,,2,reported,"If there was an election for mayor of Toronto tomorrow, which potential candidate would you vote for? + Even though you may not have made up your mind, which potential candidate are you leaning towards voting for at this time?",published current field,Toronto residents age 18+,none,,custom,[DECIDED/LEANING],not_reported,,not_reported,,reported,856,complete,complete,percent,0,Dependent reading from the same sample as the all-respondent table; source percentages are preserved without normalization. Questionnaire order and routing are not reported; document_display_order and response option_order describe publication layout only.,general_vote_intention
forum_2023_apr26_tory_decided_leaning,forum_city_2023_04_25_26_n1022,forum_2023_apr27_tory_companion,"PDF p. 3, [DECIDED/LEANING] Total column",mayoral,toronto-mayor-2023,not_reported,,1,reported,"If there was an election for mayor of Toronto tomorrow, which potential candidate would you vote for? + Even though you may not have made up your mind, which potential candidate are you leaning towards voting for at this time? + If John Tory were running for mayor of Toronto in the upcoming election, would you vote for him?",hypothetical field if John Tory ran,Toronto residents age 18+,none,,custom,[DECIDED/LEANING],not_reported,,not_reported,,reported,919,complete,complete,percent,0,"Dependent hypothetical-scenario reading from the same 1,022 respondents as the current-field release. The separate yes/no Tory-willingness table is outside ballot-reading scope. Published shares sum to 99% because of rounding. Questionnaire order and routing are not reported; document_display_order and response option_order describe publication layout only.",general_vote_intention
forum_2023_may07_decided_leaning,forum_city_2023_05_06_07_n2000,forum_2023_may08_release,"PDF p. 2, [DECIDED/LEANING] Total column",mayoral,toronto-mayor-2023,not_reported,,1,reported,"If there was an election for mayor of Toronto tomorrow, which potential candidate would you vote for? + Even though you may not have made up your mind, which potential candidate are you leaning towards voting for at this time?",published current field,Toronto residents age 18+,none,,custom,[DECIDED/LEANING],not_reported,,not_reported,,reported,1708,complete,complete,percent,0,Current-field reading from the same respondent sample as the companion hypothetical-Tory reading. Questionnaire order and routing are not reported; document_display_order and response option_order describe publication layout only.,general_vote_intention
forum_2023_may07_tory_decided_leaning,forum_city_2023_05_06_07_n2000,forum_2023_may08_tory_companion,"PDF p. 2, [DECIDED/LEANING] Total column",mayoral,toronto-mayor-2023,not_reported,,1,reported,"If there was an election for mayor of Toronto tomorrow, which potential candidate would you vote for? + Even though you may not have made up your mind, which potential candidate are you leaning towards voting for at this time? + If John Tory were running for mayor of Toronto in the upcoming election, would you vote for him?",hypothetical field if John Tory ran,Toronto residents age 18+,none,,custom,[DECIDED/LEANING],not_reported,,not_reported,,reported,1827,complete,complete,percent,0,"Dependent hypothetical-scenario reading from the same 2,000 respondents as the current-field release. Published shares sum to 99% because of rounding. Questionnaire order and routing are not reported; document_display_order and response option_order describe publication layout only.",general_vote_intention
forum_2023_may13_all,forum_city_2023_05_13_n1029,forum_2023_may15_release,"PDF p. 2, [ALL RESPONDENTS] Total column",mayoral,toronto-mayor-2023,not_reported,,1,reported,"If there was an election for mayor of Toronto tomorrow, which potential candidate would you vote for?",published current field,Toronto residents age 18+,none,,all_respondents,[ALL RESPONDENTS],not_reported,,not_reported,,reported,1029,complete,complete,percent,0,Published shares sum to 99% because of rounding and are preserved without normalization. Questionnaire order and routing are not reported; document_display_order and response option_order describe publication layout only.,general_vote_intention
forum_2023_may13_decided_leaning,forum_city_2023_05_13_n1029,forum_2023_may15_release,"PDF p. 4, [DECIDED/LEANING] Total column",mayoral,toronto-mayor-2023,not_reported,,2,reported,"If there was an election for mayor of Toronto tomorrow, which potential candidate would you vote for? + Even though you may not have made up your mind, which potential candidate are you leaning towards voting for at this time?",published current field,Toronto residents age 18+,none,,custom,[DECIDED/LEANING],not_reported,,not_reported,,reported,924,complete,complete,percent,0,Dependent reading from the all-respondent table. Published shares sum to 101% because of rounding and are preserved without normalization. Questionnaire order and routing are not reported; document_display_order and response option_order describe publication layout only.,general_vote_intention
forum_2023_may19_all,forum_city_2023_05_19_n1000,forum_2023_may21_release,"PDF p. 2, [ALL RESPONDENTS] Total column",mayoral,toronto-mayor-2023,not_reported,,1,reported,"If there was an election for mayor of Toronto tomorrow, which potential candidate would you vote for?",published current field,Toronto residents age 18+,none,,all_respondents,[ALL RESPONDENTS],not_reported,,not_reported,,reported,1000,complete,complete,percent,0,Published shares sum to 101% because of rounding and are preserved without normalization. Questionnaire order and routing are not reported; document_display_order and response option_order describe publication layout only.,general_vote_intention
forum_2023_may19_decided_leaning,forum_city_2023_05_19_n1000,forum_2023_may21_release,"PDF p. 4, [DECIDED/LEANING] Total column",mayoral,toronto-mayor-2023,not_reported,,2,reported,"If there was an election for mayor of Toronto tomorrow, which potential candidate would you vote for? + Even though you may not have made up your mind, which potential candidate are you leaning towards voting for at this time?",published current field,Toronto residents age 18+,none,,custom,[DECIDED/LEANING],not_reported,,not_reported,,reported,889,complete,complete,percent,0,Dependent reading from the all-respondent table; source percentages are preserved without normalization. Questionnaire order and routing are not reported; document_display_order and response option_order describe publication layout only.,general_vote_intention
forum_2023_may26_all,forum_city_2023_05_26_n1007,forum_2023_may28_release,"PDF p. 2, [ALL RESPONDENTS] Total column",mayoral,toronto-mayor-2023,not_reported,,1,reported,"If there was an election for mayor of Toronto tomorrow, which candidate would you vote for?",published current field,Toronto residents age 18+,none,,all_respondents,[ALL RESPONDENTS],not_reported,,not_reported,,reported,1007,complete,complete,percent,0,The source-published column totals 98% because of integer rounding; no residual or normalization is invented. Questionnaire order and routing are not reported; document_display_order and response option_order describe publication layout only.,general_vote_intention
forum_2023_may26_decided_leaning,forum_city_2023_05_26_n1007,forum_2023_may28_release,"PDF p. 5, [DECIDED/LEANING] Total column",mayoral,toronto-mayor-2023,not_reported,,2,reported,"If there was an election for mayor of Toronto tomorrow, which candidate would you vote for? + Even though you may not have made up your mind, which candidate are you leaning towards voting for at this time?",published current field,Toronto residents age 18+,none,,custom,[DECIDED/LEANING],not_reported,,not_reported,,reported,874,complete,partial,percent,0,The source publishes eight response rows in the decided/leaning table. Five named candidates shown in the all-respondent table are known to have been offered but are not individually published here; their values remain unknown. Questionnaire order and routing are not reported; document_display_order and response option_order describe publication layout only.,general_vote_intention
forum_2023_jun02_all,forum_city_2023_06_02_n1032,forum_2023_jun04_release,"PDF p. 3, [ALL RESPONDENTS] Total column",mayoral,toronto-mayor-2023,not_reported,,1,reported,"If there was an election for mayor of Toronto tomorrow, which potential candidate would you vote for?",published current field,Toronto residents age 18+,none,,all_respondents,[ALL RESPONDENTS],reported,1032,reported,1032,not_reported,,complete,complete,percent,0,Source explicitly identifies TOTAL (u/w) and TOTAL (w/t). Published shares sum to 102% because of rounding and are preserved without normalization. Questionnaire order and routing are not reported; document_display_order and response option_order describe publication layout only.,general_vote_intention
forum_2023_jun02_decided_leaning,forum_city_2023_06_02_n1032,forum_2023_jun04_release,"PDF p. 6, [DECIDED/LEANING] Total column",mayoral,toronto-mayor-2023,not_reported,,2,reported,"If there was an election for mayor of Toronto tomorrow, which potential candidate would you vote for? + Even though you may not have made up your mind, which potential candidate are you leaning towards voting for at this time?",published current field,Toronto residents age 18+,none,,custom,[DECIDED/LEANING],reported,936,reported,923,not_reported,,complete,partial,percent,0,Five named candidates shown in the all-respondent table are known to have been offered but are not individually published in this decided/leaning table. Published shares sum to 101% because of rounding. Questionnaire order and routing are not reported; document_display_order and response option_order describe publication layout only.,general_vote_intention
forum_2023_jun09_all,forum_city_2023_06_09_n1047,forum_2023_jun11_release,"PDF p. 3, [ALL RESPONDENTS] Total column",mayoral,toronto-mayor-2023,not_reported,,1,reported,"If there was an election for mayor of Toronto tomorrow, which candidate would you vote for?",published current field,Toronto residents age 18+,none,,all_respondents,[ALL RESPONDENTS],reported,1047,reported,1047,not_reported,,complete,complete,percent,0,Source explicitly identifies TOTAL (u/w) and TOTAL (w/t). Published shares sum to 99% because of rounding and are preserved without normalization. Questionnaire order and routing are not reported; document_display_order and response option_order describe publication layout only.,general_vote_intention
forum_2023_jun09_decided_leaning,forum_city_2023_06_09_n1047,forum_2023_jun11_release,"PDF p. 6, [DECIDED/LEANING] Total column",mayoral,toronto-mayor-2023,not_reported,,2,reported,"If there was an election for mayor of Toronto tomorrow, which candidate would you vote for? + Even though you may not have made up your mind, which candidate are you leaning towards voting for at this time?",published current field,Toronto residents age 18+,none,,custom,[DECIDED/LEANING],reported,976,reported,965,not_reported,,complete,partial,percent,0,Five named candidates shown in the all-respondent table are known to have been offered but are not individually published here. The source-published Some other candidate value is 10%; published shares sum to 101% because of rounding. Questionnaire order and routing are not reported; document_display_order and response option_order describe publication layout only.,general_vote_intention
forum_2023_jun23_all,forum_city_2023_06_23_n1037,forum_2023_jun24_release,"PDF p. 3, [ALL RESPONDENTS] Total column",mayoral,toronto-mayor-2023,not_reported,,1,reported,"If there was an election for mayor of Toronto tomorrow, which candidate would you vote for?",published current field,Toronto residents age 18+,none,,all_respondents,[ALL RESPONDENTS],reported,1035,reported,1035,not_reported,,complete,complete,percent,0,"The ballot table explicitly reports TOTAL (u/w)=1,035 and TOTAL (w/t)=1,035, while release prose reports a parent sample of 1,037. The conflict is preserved rather than resolved by inference. Questionnaire order and routing are not reported; document_display_order and response option_order describe publication layout only.",general_vote_intention
forum_2023_jun23_decided_leaning,forum_city_2023_06_23_n1037,forum_2023_jun24_release,"PDF p. 6, [DECIDED/LEANING] Total column",mayoral,toronto-mayor-2023,not_reported,,2,reported,"If there was an election for mayor of Toronto tomorrow, which candidate would you vote for? + Even though you may not have made up your mind, which candidate are you leaning towards voting for at this time?",published current field,Toronto residents age 18+,none,,custom,[DECIDED/LEANING],reported,977,reported,967,not_reported,,complete,partial,percent,0,Five named candidates shown in the all-respondent table are known to have been offered but are not individually published here. Reading-level bases follow the table despite the parent-sample conflict. Questionnaire order and routing are not reported; document_display_order and response option_order describe publication layout only.,general_vote_intention
liaison_2023_04_21_22_all,liaison_city_2023_04_21_22_n1264,liaison_2023_04_21_22_tables,"page 5, all-voter table, All column; page 4 chart cross-check",mayoral,toronto-mayor-2023,not_reported,,1,reported,"If an election were held today, for whom would you cast your vote for Mayor?",,Torontonians screened for voter eligibility,eligible_voters,Respondents were screened for voter eligibility.,all_respondents,All Voters,reported,1264,reported,1264,not_reported,,unknown,complete,percent,0,"Preferred detailed-report reading from the public viewer. Exact question wording, voter-eligibility screen, displayed shares, and document option order are preserved. The table explicitly prints equal total-column unweighted and weighted bases. Questionnaire order and the complete tested/rotated choice set remain unknown. The other reading is dependent on this one through the shared respondent sample.",general_vote_intention
liaison_2023_04_21_22_decided,liaison_city_2023_04_21_22_n1264,liaison_2023_04_21_22_tables,"page 7, decided-only trend table, latest fieldwork column; page 6 chart cross-check",mayoral,toronto-mayor-2023,not_reported,,2,reported,"If an election were held today, for whom would you cast your vote for Mayor?",,Torontonians screened for voter eligibility,eligible_voters,Respondents were screened for voter eligibility.,decided_respondents,Decided Only,not_reported,,not_reported,,not_reported,,unknown,complete,percent,0,"Preferred detailed-report reading from the public viewer. Exact question wording, voter-eligibility screen, displayed shares, and document option order are preserved. The report does not print a decided-voter reading base, so no base is inferred. Questionnaire order and the complete tested/rotated choice set remain unknown. The other reading is dependent on this one through the shared respondent sample.",general_vote_intention
liaison_2023_04_28_29_all,liaison_city_2023_04_28_29_n1253,liaison_2023_04_28_29_tables,"page 5, all-voter table, All column; page 4 chart cross-check",mayoral,toronto-mayor-2023,not_reported,,1,reported,"If an election were held today, for whom would you cast your vote for Mayor?",,Torontonians screened for voter eligibility,eligible_voters,Respondents were screened for voter eligibility.,all_respondents,All Voters,reported,1253,reported,1253,not_reported,,unknown,complete,percent,0,"Preferred detailed-report reading from the public viewer. Exact question wording, voter-eligibility screen, displayed shares, and document option order are preserved. The table explicitly prints equal total-column unweighted and weighted bases. Questionnaire order and the complete tested/rotated choice set remain unknown. The other reading is dependent on this one through the shared respondent sample.",general_vote_intention
liaison_2023_04_28_29_decided,liaison_city_2023_04_28_29_n1253,liaison_2023_04_28_29_tables,"page 7, decided-only trend table, latest fieldwork column; page 6 chart cross-check",mayoral,toronto-mayor-2023,not_reported,,2,reported,"If an election were held today, for whom would you cast your vote for Mayor?",,Torontonians screened for voter eligibility,eligible_voters,Respondents were screened for voter eligibility.,decided_respondents,Decided Only,not_reported,,not_reported,,not_reported,,unknown,complete,percent,0,"Preferred detailed-report reading from the public viewer. Exact question wording, voter-eligibility screen, displayed shares, and document option order are preserved. The report does not print a decided-voter reading base, so no base is inferred. Questionnaire order and the complete tested/rotated choice set remain unknown. The other reading is dependent on this one through the shared respondent sample.",general_vote_intention
liaison_2023_05_05_06_all,liaison_city_2023_05_05_06_n1257,liaison_2023_05_05_06_tables,"page 4, all-voter table, All column; page 3 chart cross-check",mayoral,toronto-mayor-2023,not_reported,,1,reported,"If an election were held today, for whom would you cast your vote for Mayor?",,Torontonians screened for voter eligibility,eligible_voters,Respondents were screened for voter eligibility.,all_respondents,All Voters,reported,1257,reported,1257,not_reported,,unknown,complete,percent,0,"Preferred detailed-report reading from the public viewer. Exact question wording, voter-eligibility screen, displayed shares, and document option order are preserved. The table explicitly prints equal total-column unweighted and weighted bases. Questionnaire order and the complete tested/rotated choice set remain unknown. The other reading is dependent on this one through the shared respondent sample.",general_vote_intention
liaison_2023_05_05_06_decided,liaison_city_2023_05_05_06_n1257,liaison_2023_05_05_06_tables,"page 6, decided-only trend table, latest fieldwork column; page 5 chart cross-check",mayoral,toronto-mayor-2023,not_reported,,2,reported,"If an election were held today, for whom would you cast your vote for Mayor?",,Torontonians screened for voter eligibility,eligible_voters,Respondents were screened for voter eligibility.,decided_respondents,Decided Only,not_reported,,not_reported,,not_reported,,unknown,complete,percent,0,"Preferred detailed-report reading from the public viewer. Exact question wording, voter-eligibility screen, displayed shares, and document option order are preserved. The report does not print a decided-voter reading base, so no base is inferred. Questionnaire order and the complete tested/rotated choice set remain unknown. The other reading is dependent on this one through the shared respondent sample.",general_vote_intention
liaison_2023_05_12_13_all,liaison_city_2023_05_12_13_n1318,liaison_2023_05_12_13_tables,"page 4, all-voter table, All column; page 3 chart cross-check",mayoral,toronto-mayor-2023,not_reported,,1,reported,"If an election were held today, for whom would you cast your vote for Mayor?",,Torontonians screened for voter eligibility,eligible_voters,Respondents were screened for voter eligibility.,all_respondents,All Voters,reported,1318,reported,1318,not_reported,,unknown,complete,percent,0,"Preferred detailed-report reading from the public viewer. Exact question wording, voter-eligibility screen, displayed shares, and document option order are preserved. The table explicitly prints equal total-column unweighted and weighted bases. Questionnaire order and the complete tested/rotated choice set remain unknown. The other reading is dependent on this one through the shared respondent sample.",general_vote_intention
liaison_2023_05_12_13_decided,liaison_city_2023_05_12_13_n1318,liaison_2023_05_12_13_tables,"page 6, decided-only trend table, latest fieldwork column; page 5 chart cross-check",mayoral,toronto-mayor-2023,not_reported,,2,reported,"If an election were held today, for whom would you cast your vote for Mayor?",,Torontonians screened for voter eligibility,eligible_voters,Respondents were screened for voter eligibility.,decided_respondents,Decided Only,not_reported,,not_reported,,not_reported,,unknown,complete,percent,0,"Preferred detailed-report reading from the public viewer. Exact question wording, voter-eligibility screen, displayed shares, and document option order are preserved. The report does not print a decided-voter reading base, so no base is inferred. Questionnaire order and the complete tested/rotated choice set remain unknown. The other reading is dependent on this one through the shared respondent sample.",general_vote_intention
liaison_2023_05_17_18_all,liaison_city_2023_05_17_18_n1311,liaison_2023_05_17_18_tables,"page 4, all-voter table, All column; page 3 chart cross-check",mayoral,toronto-mayor-2023,not_reported,,1,reported,"If an election were held today, for whom would you cast your vote for Mayor?",,Torontonians screened for voter eligibility,eligible_voters,Respondents were screened for voter eligibility.,all_respondents,All Voters,reported,1311,reported,1311,not_reported,,unknown,complete,percent,0,"Preferred detailed-report reading from the public viewer. Exact question wording, voter-eligibility screen, displayed shares, and document option order are preserved. The table explicitly prints equal total-column unweighted and weighted bases. Questionnaire order and the complete tested/rotated choice set remain unknown. The other reading is dependent on this one through the shared respondent sample.",general_vote_intention
liaison_2023_05_17_18_decided,liaison_city_2023_05_17_18_n1311,liaison_2023_05_17_18_tables,"page 6, decided-only trend table, latest fieldwork column; page 5 chart cross-check",mayoral,toronto-mayor-2023,not_reported,,2,reported,"If an election were held today, for whom would you cast your vote for Mayor?",,Torontonians screened for voter eligibility,eligible_voters,Respondents were screened for voter eligibility.,decided_respondents,Decided Only,not_reported,,not_reported,,not_reported,,unknown,complete,percent,0,"Preferred detailed-report reading from the public viewer. Exact question wording, voter-eligibility screen, displayed shares, and document option order are preserved. The report does not print a decided-voter reading base, so no base is inferred. Questionnaire order and the complete tested/rotated choice set remain unknown. The other reading is dependent on this one through the shared respondent sample.",general_vote_intention
liaison_2023_05_26_27_all,liaison_city_2023_05_26_27_n1305,liaison_2023_05_26_27_tables,"page 4, all-voter table, All column; page 3 chart cross-check",mayoral,toronto-mayor-2023,not_reported,,1,reported,"If an election were held today, for whom would you cast your vote for Mayor?",,Torontonians screened for voter eligibility,eligible_voters,Respondents were screened for voter eligibility.,all_respondents,All Voters,reported,1305,reported,1305,not_reported,,unknown,complete,percent,0,"Preferred detailed-report reading from the public viewer. Exact question wording, voter-eligibility screen, displayed shares, and document option order are preserved. The table explicitly prints equal total-column unweighted and weighted bases. Questionnaire order and the complete tested/rotated choice set remain unknown. The other reading is dependent on this one through the shared respondent sample.",general_vote_intention
liaison_2023_05_26_27_decided,liaison_city_2023_05_26_27_n1305,liaison_2023_05_26_27_tables,"page 6, decided-only trend table, latest fieldwork column; page 5 chart cross-check",mayoral,toronto-mayor-2023,not_reported,,2,reported,"If an election were held today, for whom would you cast your vote for Mayor?",,Torontonians screened for voter eligibility,eligible_voters,Respondents were screened for voter eligibility.,decided_respondents,Decided Only,not_reported,,not_reported,,not_reported,,unknown,complete,percent,0,"Preferred detailed-report reading from the public viewer. Exact question wording, voter-eligibility screen, displayed shares, and document option order are preserved. The report does not print a decided-voter reading base, so no base is inferred. Questionnaire order and the complete tested/rotated choice set remain unknown. The other reading is dependent on this one through the shared respondent sample.",general_vote_intention
liaison_2023_06_03_04_all,liaison_city_2023_06_03_04_n1287,liaison_2023_06_03_04_tables,"page 4, all-voter table, All column; page 3 chart cross-check",mayoral,toronto-mayor-2023,not_reported,,1,reported,"If an election were held today, for whom would you cast your vote for Mayor?",,Torontonians screened for voter eligibility,eligible_voters,Respondents were screened for voter eligibility.,all_respondents,All Voters,reported,1287,reported,1287,not_reported,,unknown,complete,percent,0,"Preferred detailed-report reading from the public viewer. Exact question wording, voter-eligibility screen, displayed shares, and document option order are preserved. The table explicitly prints equal total-column unweighted and weighted bases. Questionnaire order and the complete tested/rotated choice set remain unknown. The other reading is dependent on this one through the shared respondent sample.",general_vote_intention
liaison_2023_06_03_04_decided,liaison_city_2023_06_03_04_n1287,liaison_2023_06_03_04_tables,"page 6, decided-only trend table, latest fieldwork column; page 5 chart cross-check",mayoral,toronto-mayor-2023,not_reported,,2,reported,"If an election were held today, for whom would you cast your vote for Mayor?",,Torontonians screened for voter eligibility,eligible_voters,Respondents were screened for voter eligibility.,decided_respondents,Decided Only,not_reported,,not_reported,,not_reported,,unknown,complete,percent,0,"Preferred detailed-report reading from the public viewer. Exact question wording, voter-eligibility screen, displayed shares, and document option order are preserved. The report does not print a decided-voter reading base, so no base is inferred. Questionnaire order and the complete tested/rotated choice set remain unknown. The other reading is dependent on this one through the shared respondent sample.",general_vote_intention
liaison_2023_06_10_11_all,liaison_city_2023_06_10_11_n1197,liaison_2023_06_10_11_tables,"page 4, all-voter table, All column; page 3 chart cross-check",mayoral,toronto-mayor-2023,not_reported,,1,reported,"If an election were held today, for whom would you cast your vote for Mayor?",,Torontonians screened for voter eligibility,eligible_voters,Respondents were screened for voter eligibility.,all_respondents,All Voters,reported,1197,reported,1197,not_reported,,unknown,complete,percent,0,"Preferred detailed-report reading from the public viewer. Exact question wording, voter-eligibility screen, displayed shares, and document option order are preserved. The table explicitly prints equal total-column unweighted and weighted bases. Questionnaire order and the complete tested/rotated choice set remain unknown. The other reading is dependent on this one through the shared respondent sample.",general_vote_intention
liaison_2023_06_10_11_decided,liaison_city_2023_06_10_11_n1197,liaison_2023_06_10_11_tables,"page 6, decided-only trend table, latest fieldwork column; page 5 chart cross-check",mayoral,toronto-mayor-2023,not_reported,,2,reported,"If an election were held today, for whom would you cast your vote for Mayor?",,Torontonians screened for voter eligibility,eligible_voters,Respondents were screened for voter eligibility.,decided_respondents,Decided Only,not_reported,,not_reported,,not_reported,,unknown,complete,percent,0,"Preferred detailed-report reading from the public viewer. Exact question wording, voter-eligibility screen, displayed shares, and document option order are preserved. The report does not print a decided-voter reading base, so no base is inferred. Questionnaire order and the complete tested/rotated choice set remain unknown. The other reading is dependent on this one through the shared respondent sample.",general_vote_intention
liaison_2023_06_12_13_all,liaison_city_2023_06_12_13_n1156,liaison_2023_06_12_13_tables,"page 4, all-voter table, All column; page 3 chart cross-check",mayoral,toronto-mayor-2023,not_reported,,1,reported,"If an election were held today, for whom would you cast your vote for Mayor?",,Torontonians screened for voter eligibility,eligible_voters,Respondents were screened for voter eligibility.,all_respondents,All Voters,reported,1156,reported,1156,not_reported,,unknown,complete,percent,0,"Preferred detailed-report reading from the public viewer. Exact question wording, voter-eligibility screen, displayed shares, and document option order are preserved. The table explicitly prints equal total-column unweighted and weighted bases. Questionnaire order and the complete tested/rotated choice set remain unknown. The other reading is dependent on this one through the shared respondent sample.",general_vote_intention
liaison_2023_06_12_13_decided,liaison_city_2023_06_12_13_n1156,liaison_2023_06_12_13_tables,"page 6, decided-only trend table, latest fieldwork column; page 5 chart cross-check",mayoral,toronto-mayor-2023,not_reported,,2,reported,"If an election were held today, for whom would you cast your vote for Mayor?",,Torontonians screened for voter eligibility,eligible_voters,Respondents were screened for voter eligibility.,decided_respondents,Decided Only,not_reported,,not_reported,,not_reported,,unknown,complete,percent,0,"Preferred detailed-report reading from the public viewer. Exact question wording, voter-eligibility screen, displayed shares, and document option order are preserved. The report does not print a decided-voter reading base, so no base is inferred. Questionnaire order and the complete tested/rotated choice set remain unknown. The other reading is dependent on this one through the shared respondent sample.",general_vote_intention
liaison_2023_06_17_18_all,liaison_city_2023_06_17_18_n1152,liaison_2023_06_17_18_tables,"page 4, all-voter table, All column; page 3 chart cross-check",mayoral,toronto-mayor-2023,not_reported,,1,reported,"If an election were held today, for whom would you cast your vote for Mayor?",,Torontonians screened for voter eligibility,eligible_voters,Respondents were screened for voter eligibility.,all_respondents,All Voters,reported,1152,reported,1152,not_reported,,unknown,complete,percent,0,"Preferred detailed-report reading from the public viewer. Exact question wording, voter-eligibility screen, displayed shares, and document option order are preserved. The table explicitly prints equal total-column unweighted and weighted bases. Questionnaire order and the complete tested/rotated choice set remain unknown. The other reading is dependent on this one through the shared respondent sample.",general_vote_intention
liaison_2023_06_17_18_decided,liaison_city_2023_06_17_18_n1152,liaison_2023_06_17_18_tables,"page 6, decided-only trend table, latest fieldwork column; page 5 chart cross-check",mayoral,toronto-mayor-2023,not_reported,,2,reported,"If an election were held today, for whom would you cast your vote for Mayor?",,Torontonians screened for voter eligibility,eligible_voters,Respondents were screened for voter eligibility.,decided_respondents,Decided Only,not_reported,,not_reported,,not_reported,,unknown,complete,percent,0,"Preferred detailed-report reading from the public viewer. Exact question wording, voter-eligibility screen, displayed shares, and document option order are preserved. The report does not print a decided-voter reading base, so no base is inferred. Questionnaire order and the complete tested/rotated choice set remain unknown. The other reading is dependent on this one through the shared respondent sample.",general_vote_intention
liaison_2023_06_22_23_all,liaison_city_2023_06_22_23_n1086,liaison_2023_06_22_23_tables,"page 4, all-voter table, All column; page 3 chart cross-check",mayoral,toronto-mayor-2023,not_reported,,1,reported,"If an election were held today, for whom would you cast your vote for Mayor?",,Torontonians screened for voter eligibility,eligible_voters,Respondents were screened for voter eligibility.,all_respondents,All Voters,reported,1086,reported,1086,not_reported,,unknown,complete,percent,0,"Preferred detailed-report reading from the public viewer. Exact question wording, voter-eligibility screen, displayed shares, and document option order are preserved. The table explicitly prints equal total-column unweighted and weighted bases. Questionnaire order and the complete tested/rotated choice set remain unknown. The other reading is dependent on this one through the shared respondent sample.",general_vote_intention
liaison_2023_06_22_23_decided,liaison_city_2023_06_22_23_n1086,liaison_2023_06_22_23_tables,"page 6, decided-only trend table, latest fieldwork column; page 5 chart cross-check",mayoral,toronto-mayor-2023,not_reported,,2,reported,"If an election were held today, for whom would you cast your vote for Mayor?",,Torontonians screened for voter eligibility,eligible_voters,Respondents were screened for voter eligibility.,decided_respondents,Decided Only,not_reported,,not_reported,,not_reported,,unknown,complete,percent,0,"Preferred detailed-report reading from the public viewer. Exact question wording, voter-eligibility screen, displayed shares, and document option order are preserved. The report does not print a decided-voter reading base, so no base is inferred. Questionnaire order and the complete tested/rotated choice set remain unknown. The other reading is dependent on this one through the shared respondent sample.",general_vote_intention
mainstreet_2023_feb14_all,mainstreet_city_2023_02_13_14_n1947,mainstreet_2023-02-14_report,physical pages 3-4; Total column on page 4,mayoral,toronto-mayor-2023,not_reported,,1,reported,"If the mayoral election were held today, which candidate would you vote for?",All voters,Adults age 18 or older living in Toronto,none,,all_respondents,All voters,reported,1947,reported,1947,not_reported,,complete,complete,percent,1,"No questionnaire order is inferred. Response option_order preserves the report's Total-table row order, not IVR presentation order. The source values sum to 99.9% through rounding and are not rescaled.",general_vote_intention
mainstreet_2023_feb19_all,mainstreet_city_2023_02_19_n1701,mainstreet_2023-02-19_report,physical pages 3-4; Total column on page 4,mayoral,toronto-mayor-2023,not_reported,,1,reported,"If the mayoral election were held today, which candidate would you vote for?",All voters,Adults age 18 or older living in Toronto,none,,all_respondents,All voters,reported,1701,reported,1701,not_reported,,complete,complete,percent,1,"No questionnaire order is inferred. Response option_order preserves the report's Total-table row order, not IVR presentation order. The source values sum to 99.9% through rounding and are not rescaled.",general_vote_intention
mainstreet_2023_mar19_all,mainstreet_city_2023_03_17_19_n985,mainstreet_2023-03-19_report,physical pages 3-4; Total column on page 4,mayoral,toronto-mayor-2023,not_reported,,1,reported,"If the mayoral election were held today, which candidate would you vote for?",All voters,Adults age 18 or older living in Toronto,none,,all_respondents,All voters,reported,985,reported,985,not_reported,,complete,complete,percent,1,"One of two dependent mayoral ballot fields from the same respondent sample. No questionnaire order is inferred. Response option_order preserves the report's Total-table row order, not IVR presentation order.",general_vote_intention
mainstreet_2023_mar19_named_field_all,mainstreet_city_2023_03_17_19_n985,mainstreet_2023-03-19_report,physical pages 6-7; Total column on page 7,mayoral,toronto-mayor-2023,not_reported,,2,reported,Among just the following candidates how would you vote or are leaning towards if an election for mayor of Toronto were held tomorrow?,Restricted named-candidate field; all voters,Adults age 18 or older living in Toronto,none,,all_respondents,All voters,reported,985,reported,985,not_reported,,complete,complete,percent,1,"Dependent alternate candidate-field reading from the same respondent sample as mainstreet_2023_mar19_all. No questionnaire order is inferred. Response option_order preserves the report's Total-table row order, not IVR presentation order. The source values sum to 100.1% through rounding and are not rescaled.",general_vote_intention
mainstreet_2023_apr13_all,mainstreet_city_2023_04_12_13_n785,mainstreet_2023-04-13_report,physical pages 3-4; Total column on page 4,mayoral,toronto-mayor-2023,not_reported,,1,reported,"If the mayoral election were held today, which candidate would you vote for?",All voters,Adults age 18 or older living in Toronto,none,,all_respondents,All voters,reported,785,reported,785,not_reported,,complete,complete,percent,1,"Main all-voter ballot from a sample that also produced a routed no-Chow alternate ballot. No questionnaire order is inferred. Response option_order preserves the report's Total-table row order, not IVR presentation order. The source values sum to 99.9% through rounding and are not rescaled.",general_vote_intention
mainstreet_2023_apr13_no_chow,mainstreet_city_2023_04_12_13_n785,mainstreet_2023-04-13_report,physical pages 7-8; routed Total column on page 8,mayoral,toronto-mayor-2023,not_reported,,2,reported,"[Olivia Chow voters] You selected Olivia Chow, if Olivia Chow were not to run in the mayoral election which candidate would you vote for?",Olivia Chow absent; routed alternate ballot,Adults age 18 or older living in Toronto,none,,custom,Respondents who selected Olivia Chow on the preceding mayoral ballot,reported,112,reported,112,not_reported,,complete,complete,percent,1,Dependent routed alternate ballot among 112 respondents from the same recruited sample as mainstreet_2023_apr13_all. The report suffixes the chart '(All voters)' despite the explicit Olivia Chow-voter routing and 112 base; the actual routed denominator is preserved. No questionnaire order is inferred. Response option_order preserves Total-table row order.,routed_subgroup
mainstreet_2023_apr20_all,mainstreet_city_2023_04_17_19_n1082,mainstreet_2023-04-20_report,physical pages 3-4; Total column on page 4,mayoral,toronto-mayor-2023,not_reported,,1,reported,"If the mayoral election were held today, which candidate would you vote for?",All voters,Adults age 18 or older living in Toronto,none,,all_respondents,All voters,reported,1082,reported,1082,not_reported,,complete,complete,percent,1,One of three dependent products from this respondent sample. No questionnaire order is inferred. Response option_order preserves Total-table row order. The all-voter and source-labelled Decided and Undecided products are identical as published; both are retained without silently deduplicating source evidence.,general_vote_intention
mainstreet_2023_apr20_decided_undecided,mainstreet_city_2023_04_17_19_n1082,mainstreet_2023-04-20_report,physical pages 6-7; Total column on page 7,mayoral,toronto-mayor-2023,not_reported,,2,reported,"If the mayoral election were held today, which candidate would you vote for?",Decided and Undecided,Adults age 18 or older living in Toronto,none,,all_respondents,Decided and Undecided,reported,1082,reported,1082,not_reported,,complete,complete,percent,1,Dependent source-labelled product from the same sample. It is numerically identical to the all-voter product as published; retained to preserve the report rather than assuming a correction. No questionnaire order is inferred. Response option_order preserves Total-table row order.,general_vote_intention
mainstreet_2023_apr20_decided,mainstreet_city_2023_04_17_19_n1082,mainstreet_2023-04-20_report,physical pages 9-10; Total column on page 10,mayoral,toronto-mayor-2023,not_reported,,3,reported,"If the mayoral election were held today, which candidate would you vote for?",Decided voters,Adults age 18 or older living in Toronto,none,,decided_respondents,Decided voters,reported,763,reported,763,not_reported,,complete,complete,percent,1,Dependent decided-voter product from the same respondent sample. No questionnaire order is inferred. Response option_order preserves Total-table row order. The source values sum to 99.9% through rounding and are not rescaled.,general_vote_intention
mainstreet_2023_apr26_all,mainstreet_city_2023_04_25_26_n996,mainstreet_2023-04-26_report,physical pages 3-4; Total column on page 4,mayoral,toronto-mayor-2023,not_reported,,1,reported,"If the mayoral election were held today, which candidate would you vote for?",All voters,Adults age 18 or older living in Toronto,none,,all_respondents,All voters,reported,996,reported,996,not_reported,,complete,complete,percent,1,One of three dependent products from this respondent sample. No questionnaire order is inferred. Response option_order preserves Total-table row order.,general_vote_intention
mainstreet_2023_apr26_decided_undecided,mainstreet_city_2023_04_25_26_n996,mainstreet_2023-04-26_report,physical pages 6-7; Total column on page 7,mayoral,toronto-mayor-2023,not_reported,,2,reported,"If the mayoral election were held today, which candidate would you vote for?",Decided and Undecided,Adults age 18 or older living in Toronto,none,,all_respondents,Decided and Undecided,reported,996,reported,996,not_reported,,complete,complete,percent,1,Dependent source-labelled product from the same sample. No questionnaire order is inferred. Response option_order preserves Total-table row order. The source values sum to 100.1% through rounding and are not rescaled.,general_vote_intention
mainstreet_2023_apr26_decided,mainstreet_city_2023_04_25_26_n996,mainstreet_2023-04-26_report,physical pages 9-10; Total column on page 10,mayoral,toronto-mayor-2023,not_reported,,3,reported,"If the mayoral election were held today, which candidate would you vote for?",Decided voters,Adults age 18 or older living in Toronto,none,,decided_respondents,Decided voters,reported,794,reported,794,not_reported,,complete,complete,percent,1,Dependent decided-voter product from the same respondent sample. No questionnaire order is inferred. Response option_order preserves Total-table row order.,general_vote_intention
forum_2014_apr14_three_way,forum_city_2014_04_14_n882,forum_2014_apr15_release,"PDF p. 9, [All Respondents] Total column",mayoral,toronto-mayor-2014,not_reported,,1,reported,"If a mayoral election were held today, who would you vote for if the candidates were Rob Ford, John Tory and Olivia Chow?",three-candidate Rob Ford field,Toronto voters age 18+,none,,all_respondents,[All Respondents],not_reported,,not_reported,,reported,882,complete,complete,percent,0,Source-published values and response labels are preserved without normalization. Questionnaire order and routing are not reported; display order and option order describe publication layout only.,general_vote_intention
forum_2014_apr14_four_way_no_ford,forum_city_2014_04_14_n882,forum_2014_apr15_release,"PDF p. 12, [All Respondents] Total column",mayoral,toronto-mayor-2014,not_reported,,2,reported,"If a mayoral election were held today, who would you vote for if the candidates were John Tory, Olivia Chow, Karen Stintz and David Soknacki?",four-candidate field without a Ford,Toronto voters age 18+,none,,all_respondents,[All Respondents],not_reported,,not_reported,,reported,882,complete,complete,percent,0,Source-published values and response labels are preserved without normalization. Questionnaire order and routing are not reported; display order and option order describe publication layout only.,general_vote_intention
forum_2014_apr14_five_way_rob,forum_city_2014_04_14_n882,forum_2014_apr15_release,"PDF p. 15, [All Respondents] Total column",mayoral,toronto-mayor-2014,not_reported,,3,reported,"If a mayoral election were held today, who would you vote for if the candidates were Rob Ford, Karen Stintz, John Tory, Olivia Chow and David Soknacki?",five-candidate Rob Ford field,Toronto voters age 18+,none,,all_respondents,[All Respondents],not_reported,,not_reported,,reported,882,complete,complete,percent,0,Source-published values and response labels are preserved without normalization. Questionnaire order and routing are not reported; display order and option order describe publication layout only.,general_vote_intention
forum_2014_may01_three_way,forum_city_2014_05_01_n888,forum_2014_may02_release,"PDF p. 17, [All Respondents] Total column",mayoral,toronto-mayor-2014,not_reported,,1,reported,"If a mayoral election were held today, who would you vote for if the candidates were Rob Ford, John Tory and Olivia Chow?",three-candidate Rob Ford field,Toronto voters age 18+,none,,all_respondents,[All Respondents],not_reported,,not_reported,,reported,888,complete,complete,percent,0,Source-published values and response labels are preserved without normalization. Questionnaire order and routing are not reported; display order and option order describe publication layout only.,general_vote_intention
forum_2014_may01_four_way_no_ford,forum_city_2014_05_01_n888,forum_2014_may02_release,"PDF p. 19, [All Respondents] Total column",mayoral,toronto-mayor-2014,not_reported,,2,reported,"If a mayoral election were held today, who would you vote for if the candidates were John Tory, Olivia Chow, Karen Stintz and David Soknacki?",four-candidate field without a Ford,Toronto voters age 18+,none,,all_respondents,[All Respondents],not_reported,,not_reported,,reported,888,complete,complete,percent,0,Source-published values and response labels are preserved without normalization. Questionnaire order and routing are not reported; display order and option order describe publication layout only.,general_vote_intention
forum_2014_may01_five_way_rob,forum_city_2014_05_01_n888,forum_2014_may02_release,"PDF p. 22, [All Respondents] Total column",mayoral,toronto-mayor-2014,not_reported,,3,reported,"If a mayoral election were held today, who would you vote for if the candidates were Rob Ford, Olivia Chow, Karen Stintz, John Tory and David Soknacki?",five-candidate Rob Ford field,Toronto voters age 18+,none,,all_respondents,[All Respondents],not_reported,,not_reported,,reported,888,complete,complete,percent,0,Source-published values and response labels are preserved without normalization. Questionnaire order and routing are not reported; display order and option order describe publication layout only.,general_vote_intention
forum_2014_may21_five_way_rob,forum_city_2014_05_21_n923,forum_2014_may21_release,"PDF p. 8, [All Respondents] Total column",mayoral,toronto-mayor-2014,not_reported,,1,reported,"If a mayoral election were held today, who would you vote for if the candidates were Rob Ford , Karen Stintz, John Tory, Olivia Chow, and David Soknacki?",five-candidate Rob Ford field,Toronto voters age 18+,none,,all_respondents,[All Respondents],not_reported,,not_reported,,reported,923,complete,complete,percent,0,Source-published values and response labels are preserved without normalization. Questionnaire order and routing are not reported; display order and option order describe publication layout only.,general_vote_intention
forum_2014_may21_five_way_doug,forum_city_2014_05_21_n923,forum_2014_may21_release,"PDF p. 11, [All Respondents] Total column",mayoral,toronto-mayor-2014,not_reported,,2,reported,"If a mayoral election were held today, who would you vote for if the candidates were Doug Ford, Karen Stintz, John Tory, Olivia Chow, and David Soknacki?",five-candidate Doug Ford field,Toronto voters age 18+,none,,all_respondents,[All Respondents],not_reported,,not_reported,,reported,923,complete,complete,percent,0,Source-published values and response labels are preserved without normalization. Questionnaire order and routing are not reported; display order and option order describe publication layout only.,general_vote_intention
forum_2014_may21_four_way_no_ford,forum_city_2014_05_21_n923,forum_2014_may21_release,"PDF p. 14, [All Respondents] Total column",mayoral,toronto-mayor-2014,not_reported,,3,reported,"If a mayoral election were held today, who would you vote for if the candidates were Olivia Chow, Karen Stintz, John Tory and David Soknacki?",four-candidate field without a Ford,Toronto voters age 18+,none,,all_respondents,[All Respondents],not_reported,,not_reported,,reported,923,complete,complete,percent,0,Source-published values and response labels are preserved without normalization. Questionnaire order and routing are not reported; display order and option order describe publication layout only.,general_vote_intention
forum_2014_may21_five_way_norm_kelly,forum_city_2014_05_21_n923,forum_2014_may21_release,"PDF p. 16, [All Respondents] Total column",mayoral,toronto-mayor-2014,not_reported,,4,reported,"If a mayoral election were held today, who would you vote for if the candidates were Olivia Chow, Karen Stintz, John Tory, Norm Kelly and David Soknacki?",five-candidate hypothetical including Norm Kelly,Toronto voters age 18+,none,,all_respondents,[All Respondents],not_reported,,not_reported,,reported,923,complete,complete,percent,0,Source-published values and response labels are preserved without normalization. Questionnaire order and routing are not reported; display order and option order describe publication layout only.,general_vote_intention
forum_2014_may21_three_way_rob,forum_city_2014_05_21_n923,forum_2014_may21_release,"PDF p. 19, [All Respondents] Total column",mayoral,toronto-mayor-2014,not_reported,,5,reported,"If a mayoral election were held today, who would you vote for if the candidates were Rob Ford, John Tory and Olivia Chow?",three-candidate Rob Ford field,Toronto voters age 18+,none,,all_respondents,[All Respondents],not_reported,,not_reported,,reported,923,complete,complete,percent,0,Source-published values and response labels are preserved without normalization. Questionnaire order and routing are not reported; display order and option order describe publication layout only.,general_vote_intention
forum_2014_may21_three_way_doug,forum_city_2014_05_21_n923,forum_2014_may21_release,"PDF p. 21, [All Respondents] Total column",mayoral,toronto-mayor-2014,not_reported,,6,reported,"If a mayoral election were held today, who would you vote for if the candidates were Doug Ford, John Tory and Olivia Chow?",three-candidate Doug Ford field,Toronto voters age 18+,none,,all_respondents,[All Respondents],not_reported,,not_reported,,reported,923,complete,complete,percent,0,Source-published values and response labels are preserved without normalization. Questionnaire order and routing are not reported; display order and option order describe publication layout only.,general_vote_intention
forum_2014_jun23_five_way_rob,forum_city_2014_06_23_n890,forum_2014_jun24_release,"PDF p. 28, [All Respondents] Total column",mayoral,toronto-mayor-2014,not_reported,,1,reported,"If a mayoral election were held today, who would you vote for if the candidates were Doug Ford, Karen Stintz, John Tory, Olivia Chow, and David Soknacki?",five-way table headed and labelled Rob Ford; printed question names Doug Ford,Toronto voters age 18+,none,,all_respondents,[All Respondents],not_reported,,not_reported,,reported,890,unknown,complete,percent,0,The source internally conflicts: the table heading and rows say Rob Ford while the printed question says Doug Ford. Source-published values and response labels are preserved without normalization. Questionnaire order and routing are not reported; display order and option order describe publication layout only.,general_vote_intention
forum_2014_jun23_four_way_no_ford,forum_city_2014_06_23_n890,forum_2014_jun24_release,"PDF p. 31, [All Respondents] Total column",mayoral,toronto-mayor-2014,not_reported,,2,reported,"If a mayoral election were held today, who would you vote for if the candidates were Olivia Chow, Karen Stintz, John Tory and David Soknacki?",four-candidate field without a Ford,Toronto voters age 18+,none,,all_respondents,[All Respondents],not_reported,,not_reported,,reported,890,complete,complete,percent,0,Source-published values and response labels are preserved without normalization. Questionnaire order and routing are not reported; display order and option order describe publication layout only.,general_vote_intention
forum_2014_jun23_three_way_rob,forum_city_2014_06_23_n890,forum_2014_jun24_release,"PDF p. 33, [All Respondents] Total column",mayoral,toronto-mayor-2014,not_reported,,3,reported,"If a mayoral election were held today, who would you vote for if the candidates were Rob Ford, John Tory and Olivia Chow?",three-candidate Rob Ford field,Toronto voters age 18+,none,,all_respondents,[All Respondents],not_reported,,not_reported,,reported,890,complete,complete,percent,0,Source-published values and response labels are preserved without normalization. Questionnaire order and routing are not reported; display order and option order describe publication layout only.,general_vote_intention
forum_2014_jun23_two_way_tory_chow,forum_city_2014_06_23_n890,forum_2014_jun24_release,"PDF p. 35, [All Respondents] Total column",mayoral,toronto-mayor-2014,not_reported,,4,reported,"If a mayoral election were held today, who would you vote for if the candidates were John Tory and Olivia Chow?",two-candidate John Tory / Olivia Chow field,Toronto voters age 18+,none,,all_respondents,[All Respondents],not_reported,,not_reported,,reported,890,complete,complete,percent,0,Source-published values and response labels are preserved without normalization. Questionnaire order and routing are not reported; display order and option order describe publication layout only.,general_vote_intention
forum_2014_jul02_five_way_rob,forum_city_2014_07_02_n1182,forum_2014_jul02_release,"PDF p. 14, [All Respondents] Total column",mayoral,toronto-mayor-2014,not_reported,,1,reported,"If a mayoral election were held today, who would you vote for if the candidates were Doug Ford, Karen Stintz, John Tory, Olivia Chow, and David Soknacki?",five-way table headed and labelled Rob Ford; printed question names Doug Ford,Toronto voters age 18+,none,,all_respondents,[All Respondents],not_reported,,not_reported,,reported,1182,unknown,complete,percent,0,The source internally conflicts: the table heading and rows say Rob Ford while the printed question says Doug Ford. Source-published values and response labels are preserved without normalization. Questionnaire order and routing are not reported; display order and option order describe publication layout only.,general_vote_intention
forum_2014_jul02_four_way_no_ford_trend,forum_city_2014_07_02_n1182,forum_2014_jul02_release,"PDF p. 15, July 2 row of 4-Way Mayoral Trial Heats Trending",mayoral,toronto-mayor-2014,not_reported,,2,not_reported,,"four-candidate field without a Ford, trend-table evidence only",Toronto voters age 18+,none,,not_reported,,not_reported,,not_reported,,reported,1182,complete,complete,percent,0,Only a current-wave row in a first-party trend table survives; no question wording or denominator is attributed from another reading. Source-published values and response labels are preserved without normalization. Questionnaire order and routing are not reported; display order and option order describe publication layout only.,general_vote_intention
forum_2014_jul02_three_way_rob_trend,forum_city_2014_07_02_n1182,forum_2014_jul02_release,"PDF p. 15, July 2 row of 3-Way Mayoral Trial Heats Trending",mayoral,toronto-mayor-2014,not_reported,,3,not_reported,,"three-candidate Rob Ford field, trend-table evidence only",Toronto voters age 18+,none,,not_reported,,not_reported,,not_reported,,reported,1182,complete,complete,percent,0,Only a current-wave row in a first-party trend table survives; no question wording or denominator is attributed from another reading. Source-published values and response labels are preserved without normalization. Questionnaire order and routing are not reported; display order and option order describe publication layout only.,general_vote_intention
forum_2014_jul02_two_way_tory_chow_trend,forum_city_2014_07_02_n1182,forum_2014_jul02_release,"PDF p. 15, July 2 row of 2-Way Mayoral Trial Heats Trending",mayoral,toronto-mayor-2014,not_reported,,4,not_reported,,"two-candidate John Tory / Olivia Chow field, trend-table evidence only",Toronto voters age 18+,none,,not_reported,,not_reported,,not_reported,,reported,1182,complete,complete,percent,0,Only a current-wave row in a first-party trend table survives; no question wording or denominator is attributed from another reading. Source-published values and response labels are preserved without normalization. Questionnaire order and routing are not reported; display order and option order describe publication layout only.,general_vote_intention
forum_2014_jul21_five_way_rob,forum_city_2014_07_21_n1063,forum_2014_jul21_release,"PDF p. 7, [All Respondents] Total column",mayoral,toronto-mayor-2014,not_reported,,1,reported,"If a mayoral election were held today, who would you vote for if the candidates were Rob Ford, Karen Stintz, John Tory, Olivia Chow, and David Soknacki?",five-candidate Rob Ford field,Toronto voters age 18+,none,,all_respondents,[All Respondents],not_reported,,not_reported,,reported,1063,complete,complete,percent,0,Source-published values and response labels are preserved without normalization. Questionnaire order and routing are not reported; display order and option order describe publication layout only.,general_vote_intention
forum_2014_jul21_three_way_rob,forum_city_2014_07_21_n1063,forum_2014_jul21_release,"PDF p. 9, [All Respondents] Total column",mayoral,toronto-mayor-2014,not_reported,,2,reported,"If a mayoral election were held today, who would you vote for if the candidates were Rob Ford, John Tory and Olivia Chow?",three-candidate Rob Ford field,Toronto voters age 18+,none,,all_respondents,[All Respondents],not_reported,,not_reported,,reported,1063,complete,complete,percent,0,Source-published values and response labels are preserved without normalization. Questionnaire order and routing are not reported; display order and option order describe publication layout only.,general_vote_intention
forum_2014_aug06_three_way_rob_trend,forum_city_2014_08_05_06_n1268,forum_2014_aug06_release,"PDF p. 4, August 5-6 row of 3-Way Mayoral Trial Heats Trending",mayoral,toronto-mayor-2014,not_reported,,1,not_reported,,"three-candidate Rob Ford field, trend-table evidence only",Toronto voters age 18+,none,,not_reported,,not_reported,,not_reported,,reported,1268,complete,complete,percent,0,Exact trend-table values are preserved; the source does not print the underlying question wording denominator or a detailed demographic table for this reading. Source-published values and response labels are preserved without normalization. Questionnaire order and routing are not reported; display order and option order describe publication layout only.,general_vote_intention
forum_2014_aug06_five_way_rob,forum_city_2014_08_05_06_n1268,forum_2014_aug06_release,"PDF p. 8, [All Respondents] Total column",mayoral,toronto-mayor-2014,not_reported,,2,reported,"If a mayoral election were held today, who would you vote for if the candidates were Rob Ford, Karen Stintz, John Tory, Olivia Chow, and David Soknacki?",five-candidate Rob Ford field,Toronto voters age 18+,none,,all_respondents,[All Respondents],not_reported,,not_reported,,reported,1268,complete,complete,percent,0,Source-published values and response labels are preserved without normalization. Questionnaire order and routing are not reported; display order and option order describe publication layout only.,general_vote_intention
forum_2014_aug06_four_way_rob,forum_city_2014_08_05_06_n1268,forum_2014_aug06_release,"PDF p. 10, [All Respondents] Total column",mayoral,toronto-mayor-2014,not_reported,,3,reported,"If a mayoral election were held today, who would you vote for if the candidates were Rob Ford, John Tory, David Soknacki and Olivia Chow?",four-candidate Rob Ford field,Toronto voters age 18+,none,,all_respondents,[All Respondents],not_reported,,not_reported,,reported,1268,complete,complete,percent,0,Source-published values and response labels are preserved without normalization. Questionnaire order and routing are not reported; display order and option order describe publication layout only.,general_vote_intention
forum_2014_aug26_four_way_rob,forum_city_2014_08_25_26_n1945,forum_2014_aug26_release,"PDF p. 7, [All Respondents] Total column",mayoral,toronto-mayor-2014,not_reported,,1,reported,"If a mayoral election were held today, who would you vote for if the candidates were Rob Ford, John Tory, David Soknacki and Olivia Chow?",four-candidate Rob Ford field,Toronto voters age 18+,none,,all_respondents,[All Respondents],not_reported,,not_reported,,reported,1945,complete,complete,percent,0,Source-published values and response labels are preserved without normalization. Questionnaire order and routing are not reported; display order and option order describe publication layout only.,general_vote_intention
forum_2014_aug26_three_way_rob,forum_city_2014_08_25_26_n1945,forum_2014_aug26_release,"PDF p. 9, [All Respondents] Total column",mayoral,toronto-mayor-2014,not_reported,,2,reported,"If a mayoral election were held today, who would you vote for if the candidates were Rob Ford, John Tory, David Soknacki and Olivia Chow?",three-way table headed and labelled Rob Ford / John Tory / Olivia Chow; printed question includes David Soknacki,Toronto voters age 18+,none,,all_respondents,[All Respondents],not_reported,,not_reported,,reported,1945,unknown,complete,percent,0,The source internally conflicts: the table heading and rows omit David Soknacki while the printed question includes him. Source-published values and response labels are preserved without normalization. Questionnaire order and routing are not reported; display order and option order describe publication layout only.,general_vote_intention
forum_2014_sep08_four_way_rob,forum_city_2014_09_08_n1069,forum_2014_sep08_release,"PDF p. 9, [All Respondents] Total column",mayoral,toronto-mayor-2014,not_reported,,1,reported,"Who will you vote for in the mayoral election on October 27 if the candidates are Rob Ford, John Tory, David Soknacki and Olivia Chow?",four-candidate Rob Ford field,Toronto voters age 18+,none,,all_respondents,[All Respondents],not_reported,,not_reported,,reported,1069,complete,complete,percent,0,Source-published values and response labels are preserved without normalization. Questionnaire order and routing are not reported; display order and option order describe publication layout only.,general_vote_intention
forum_2014_sep08_three_way_rob,forum_city_2014_09_08_n1069,forum_2014_sep08_release,"PDF p. 10, [All Respondents] Total column",mayoral,toronto-mayor-2014,not_reported,,2,reported,"Who will you vote for if the candidates are Rob Ford, John Tory and Olivia Chow?",three-candidate Rob Ford field,Toronto voters age 18+,none,,all_respondents,[All Respondents],not_reported,,not_reported,,reported,1069,complete,complete,percent,0,Source-published values and response labels are preserved without normalization. Questionnaire order and routing are not reported; display order and option order describe publication layout only.,general_vote_intention
forum_2014_sep08_two_way_rob_tory,forum_city_2014_09_08_n1069,forum_2014_sep08_release,"PDF p. 11, [All Respondents] Total column",mayoral,toronto-mayor-2014,not_reported,,3,reported,Who will you vote for if the candidates are Rob Ford and John Tory?,two-candidate Rob Ford / John Tory field,Toronto voters age 18+,none,,all_respondents,[All Respondents],not_reported,,not_reported,,reported,1069,complete,complete,percent,0,Source-published values and response labels are preserved without normalization. Questionnaire order and routing are not reported; display order and option order describe publication layout only.,general_vote_intention
forum_2014_sep12_three_way_doug,forum_city_2014_09_12_n1228,forum_2014_sep12_release,"PDF p. 6, [All Respondents] Total column",mayoral,toronto-mayor-2014,not_reported,,1,reported,"Who will you vote for in the mayoral election on October 27 if the candidates are Doug Ford, John Tory and Olivia Chow?",three-candidate Doug Ford field,Toronto voters age 18+,none,,all_respondents,[All Respondents],not_reported,,not_reported,,reported,1228,complete,complete,percent,0,Source-published values and response labels are preserved without normalization. Questionnaire order and routing are not reported; display order and option order describe publication layout only.,general_vote_intention
forum_2014_sep12_two_way_tory_chow,forum_city_2014_09_12_n1228,forum_2014_sep12_release,"PDF p. 7, [All Respondents] Total column",mayoral,toronto-mayor-2014,not_reported,,2,reported,Who will you vote for if the candidates are John Tory and Olivia Chow?,two-candidate John Tory / Olivia Chow field,Toronto voters age 18+,none,,all_respondents,[All Respondents],not_reported,,not_reported,,reported,1228,complete,complete,percent,0,Source-published values and response labels are preserved without normalization. Questionnaire order and routing are not reported; display order and option order describe publication layout only.,general_vote_intention
forum_2014_sep22_current_field_trend,forum_city_2014_09_22_n1164,forum_2014_sep29_release,"PDF p. 3, September 22 row of Mayoral Horserace - Trending",mayoral,toronto-mayor-2014,not_reported,,1,not_reported,,"Doug Ford / John Tory / Olivia Chow current field, trend-table evidence only",Toronto voters age 18+,none,,not_reported,,not_reported,,not_reported,,reported,1164,complete,complete,percent,0,The original release omits the full current-field table; values survive in the next first-party release's trend table. No question wording denominator or split residual is inferred. Source-published values and response labels are preserved without normalization. Questionnaire order and routing are not reported; display order and option order describe publication layout only.,general_vote_intention
forum_2014_sep22_two_way_tory_doug,forum_city_2014_09_22_n1164,forum_2014_sep22_release,"PDF p. 10, [All Respondents] Total column",mayoral,toronto-mayor-2014,not_reported,,1,reported,Who will you vote for if the candidates are John Tory and Doug Ford?,two-candidate John Tory / Doug Ford field,Toronto voters age 18+,none,,all_respondents,[All Respondents],not_reported,,not_reported,,reported,1164,complete,complete,percent,0,Source-published values and response labels are preserved without normalization. Questionnaire order and routing are not reported; display order and option order describe publication layout only.,general_vote_intention
forum_2014_sep22_two_way_tory_chow,forum_city_2014_09_22_n1164,forum_2014_sep22_release,"PDF p. 11, [All Respondents] Total column",mayoral,toronto-mayor-2014,not_reported,,2,reported,Who will you vote for if the candidates are John Tory and Olivia Chow?,two-candidate John Tory / Olivia Chow field,Toronto voters age 18+,none,,all_respondents,[All Respondents],not_reported,,not_reported,,reported,1164,complete,complete,percent,0,Source-published values and response labels are preserved without normalization. Questionnaire order and routing are not reported; display order and option order describe publication layout only.,general_vote_intention
forum_2014_sep22_two_way_doug_chow,forum_city_2014_09_22_n1164,forum_2014_sep22_release,"PDF p. 12, [All Respondents] Total column",mayoral,toronto-mayor-2014,not_reported,,3,reported,Who will you vote for if the candidates are Doug Ford and Olivia Chow?,two-candidate Doug Ford / Olivia Chow field,Toronto voters age 18+,none,,all_respondents,[All Respondents],not_reported,,not_reported,,reported,1164,complete,complete,percent,0,Source-published values and response labels are preserved without normalization. Questionnaire order and routing are not reported; display order and option order describe publication layout only.,general_vote_intention
forum_2014_sep29_decided_leaning,forum_city_2014_09_29_n1202,forum_2014_sep29_release,"PDF p. 4, [All Respondents] Total column",mayoral,toronto-mayor-2014,not_reported,,2,reported,"If the election for Toronto’s mayor were held today, who would you vote for? + Although you may not have made up your mind, which candidate are you leaning to at this time?",published current field,Toronto voters age 18+,none,,custom,[All Respondents] table label; release identifies decided and leaning Toronto voters,not_reported,,not_reported,,reported,1167,complete,complete,percent,0,"The release recruited 1,202 voters but the ballot table publishes Sample 1,167; the source's own denominator language is preserved. Source-published values and response labels are preserved without normalization. Questionnaire order and routing are not reported; display order and option order describe publication layout only.",general_vote_intention
forum_2014_oct06_decided_leaning,forum_city_2014_10_06_n1218,forum_2014_oct06_release,"PDF p. 4, [Decided/Leaning] Total column",mayoral,toronto-mayor-2014,not_reported,,1,reported,"If the election for Toronto's mayor were held today, who would you vote for? + Although you may not have made up your mind, which candidate are you leaning to at this time?",published current field,Toronto voters age 18+,none,,custom,[Decided/Leaning],not_reported,,not_reported,,reported,1196,complete,complete,percent,0,Source-published values and response labels are preserved without normalization. Questionnaire order and routing are not reported; display order and option order describe publication layout only.,general_vote_intention
forum_2014_oct15_decided_leaning,forum_city_2014_10_15_n1241,forum_2014_oct15_release,"PDF p. 4, [Decided/Leaning] Total column",mayoral,toronto-mayor-2014,not_reported,,1,reported,"If the election for Toronto's mayor were held today, who would you vote for? + Although you may not have made up your mind, which candidate are you leaning to at this time?",published current field,Toronto voters age 18+,none,,custom,[Decided/Leaning],not_reported,,not_reported,,reported,1223,complete,complete,percent,0,Release and methodology date the sample October 15; the trend table labels it October 14. Source-published values and response labels are preserved without normalization. Questionnaire order and routing are not reported; display order and option order describe publication layout only.,general_vote_intention
forum_2014_oct20_decided_leaning,forum_city_2014_10_20_n852,forum_2014_oct20_release,"PDF p. 4, [Decided/Leaning] Total column",mayoral,toronto-mayor-2014,not_reported,,1,reported,"If the election for Toronto’s mayor were held today, who would you vote for, or who have you already voted for in the advance polls? + Although you may not have made up your mind, which candidate are you leaning to at this time?",published current field including advance votes,Toronto voters absolutely certain to vote or already voted,custom,Absolutely certain to vote or already voted,custom,[Decided/Leaning] among screened likely/already-voted respondents,not_reported,,not_reported,,reported,847,complete,complete,percent,0,Source-published values and response labels are preserved without normalization. Questionnaire order and routing are not reported; display order and option order describe publication layout only.,general_vote_intention
forum_2014_oct25_decided_leaning,forum_city_2014_10_25_n986,forum_2014_oct26_release,"PDF p. 4, [Decided/Leaning] Total column",mayoral,toronto-mayor-2014,not_reported,,1,reported,"If the election for Toronto’s mayor were held today, who would you vote for, or who have you already voted for in the advance polls? + Although you may not have made up your mind, which candidate are you leaning to at this time?",published current field including advance votes,Toronto voters absolutely certain to vote or already voted,custom,Absolutely certain to vote or already voted,custom,[Decided/Leaning] among screened likely/already-voted respondents,not_reported,,not_reported,,reported,975,complete,complete,percent,0,Source-published values and response labels are preserved without normalization. Questionnaire order and routing are not reported; display order and option order describe publication layout only.,general_vote_intention
forum_2018_jul27_decided_leaning,forum_city_2018_07_27_n1328,forum_2018_jul27_release,"PDF p. 4, [Decided/Leaning] Total column",mayoral,toronto-mayor-2018,not_reported,,1,reported,"If a municipal election were held today, who would you vote for as mayor? + Even though you may not have made up your mind, which candidate are you leaning towards at this time?",John Tory / Jennifer Keesmaat field,Toronto voters,none,,custom,[Decided/Leaning],not_reported,,not_reported,,reported,1013,complete,complete,percent,0,"Fieldwork year 2018 is inferred from the archived filename, release content and current trend row; the source's January/2017 boilerplate errors are preserved in provenance. Source-published values and response labels are preserved without normalization. Questionnaire order and routing are not reported; display order and option order describe publication layout only.",general_vote_intention
forum_2018_aug27_decided_leaning,forum_city_2018_08_27_n1242,forum_2018_aug28_release,"PDF p. 4, [Decided and leaning] Total column",mayoral,toronto-mayor-2018,not_reported,,1,reported,"If a municipal election were held today, who would you vote for as mayor? + Even though you may not have made up your mind, which candidate are you leaning towards at this time?",John Tory / Jennifer Keesmaat field,Toronto voters,none,,custom,[Decided and leaning],not_reported,,not_reported,,reported,1023,complete,complete,percent,0,Source-published values and response labels are preserved without normalization. Questionnaire order and routing are not reported; display order and option order describe publication layout only.,general_vote_intention
forum_2018_sep06_decided_leaning,forum_city_2018_09_06_n811,forum_2018_sep07_release,"PDF p. 6, [Decided and leaning] TOTAL (u/w) column",mayoral,toronto-mayor-2018,not_reported,,1,reported,"If a municipal election were held today, who would you vote for as mayor? + Even though you may not have made up your mind, which candidate are you leaning towards at this time?*",published current field,Toronto voters,none,,custom,[Decided and leaning],reported,729,not_reported,,not_reported,,complete,complete,percent,0,"Fieldwork year 2018 is inferred from release date, archived filename and current trend row; methodology's 2017 typo is preserved in provenance. This exact public sample has no safe legacy proxy match. Source-published values and response labels are preserved without normalization. Questionnaire order and routing are not reported; display order and option order describe publication layout only.",general_vote_intention
forum_2018_sep24_decided_leaning,forum_city_2018_09_20_24_n944,forum_2018_sep25_release,"PDF p. 8, [Decided/Leaning] TOTAL (u/w) column",mayoral,toronto-mayor-2018,not_reported,,1,reported,"If a municipal election were held today, who would you vote for as mayor?",published current field,Toronto voters,none,,custom,[Decided/Leaning],reported,839,not_reported,,not_reported,,complete,complete,percent,0,Source-published values and response labels are preserved without normalization. Questionnaire order and routing are not reported; display order and option order describe publication layout only.,general_vote_intention
forum_2018_oct05_decided_leaning,forum_city_2018_10_03_05_n987,forum_2018_oct09_horserace,"PDF p. 4, [Decided/Leaning] TOTAL (u/w) column",mayoral,toronto-mayor-2018,not_reported,,1,reported,"If a municipal election were held today, who would you vote for as mayor?",published current field,Toronto voters,none,,custom,[Decided/Leaning],reported,910,not_reported,,not_reported,,complete,complete,percent,0,Source-published values and response labels are preserved without normalization. Questionnaire order and routing are not reported; display order and option order describe publication layout only.,general_vote_intention
forum_2018_oct10_decided_leaning,forum_city_2018_10_09_10_n1206,forum_2018_oct15_release,"PDF p. 4, [Decided/Leaning] TOTAL (u/w) column",mayoral,toronto-mayor-2018,not_reported,,1,reported,"If a municipal election were held today, who would you vote for as mayor?",published current field,Toronto voters,none,,custom,[Decided/Leaning],reported,1109,not_reported,,not_reported,,complete,complete,percent,0,Source-published values and response labels are preserved without normalization. Questionnaire order and routing are not reported; display order and option order describe publication layout only.,general_vote_intention
forum_2014_feb24_ford_tory,forum_city_2014_02_24_n1310,forum_2014_feb25_release,"PDF p. 19, 'Ford / Tory' [All Respondents] table, Total column",mayoral,toronto-mayor-2014,not_reported,,1,reported,"If a mayoral election were held today, who would you vote for if the candidates were Rob Ford and John Tory?","two-candidate field (Ford, Tory)",Toronto voters age 18+,none,,all_respondents,[All Respondents],not_reported,,not_reported,,reported,1310,complete,complete,percent,0,Extracted from the [All Respondents] Total column of the detailed crosstab; source-published values and question wording preserved without normalization.,general_vote_intention
forum_2014_feb24_ford_tory_chow,forum_city_2014_02_24_n1310,forum_2014_feb25_release,"PDF p. 21, 'Ford / Tory / Chow' [All Respondents] table, Total column",mayoral,toronto-mayor-2014,not_reported,,2,reported,"If a mayoral election were held today, who would you vote for if the candidates were Rob Ford, John Tory and Olivia Chow?","three-candidate field (Ford, Tory, Chow)",Toronto voters age 18+,none,,all_respondents,[All Respondents],not_reported,,not_reported,,reported,1310,complete,complete,percent,0,Extracted from the [All Respondents] Total column of the detailed crosstab; source-published values and question wording preserved without normalization.,general_vote_intention
forum_2014_feb24_four_way_ford,forum_city_2014_02_24_n1310,forum_2014_feb25_release,"PDF p. 24, 'Ford / Tory / Stintz / Soknacki' [All Respondents] table, Total column",mayoral,toronto-mayor-2014,not_reported,,3,reported,"If a mayoral election were held today, who would you vote for if the candidates were Rob Ford, John Tory, Karen Stintz and David Soknacki?","four-candidate field with Rob Ford (Ford, Tory, Stintz, Soknacki)",Toronto voters age 18+,none,,all_respondents,[All Respondents],not_reported,,not_reported,,reported,1310,complete,complete,percent,0,Extracted from the [All Respondents] Total column of the detailed crosstab; source-published values and question wording preserved without normalization.,general_vote_intention
forum_2014_feb24_four_way_no_ford,forum_city_2014_02_24_n1310,forum_2014_feb25_release,"PDF p. 27, 'Stintz / Chow / Soknacki / Tory' [All Respondents] table, Total column",mayoral,toronto-mayor-2014,not_reported,,4,reported,"If a mayoral election were held today, who would you vote for if the candidates were John Tory, Olivia Chow, Karen Stintz and David Soknacki?","four-candidate field without Ford (Tory, Chow, Stintz, Soknacki)",Toronto voters age 18+,none,,all_respondents,[All Respondents],not_reported,,not_reported,,reported,1310,complete,complete,percent,0,Extracted from the [All Respondents] Total column of the detailed crosstab; source-published values and question wording preserved without normalization.,general_vote_intention
forum_2014_feb24_five_way,forum_city_2014_02_24_n1310,forum_2014_feb25_release,"PDF p. 30, 'Ford / Chow / Stintz / Tory / Soknacki' [All Respondents] table, Total column",mayoral,toronto-mayor-2014,not_reported,,5,reported,"If a mayoral election were held today, who would you vote for if the candidates were Rob Ford, Olivia Chow, Karen Stintz, John Tory and David Soknacki?","five-candidate field (Ford, Chow, Stintz, Tory, Soknacki)",Toronto voters age 18+,none,,all_respondents,[All Respondents],not_reported,,not_reported,,reported,1310,complete,complete,percent,0,Extracted from the [All Respondents] Total column of the detailed crosstab; source-published values and question wording preserved without normalization.,general_vote_intention
forum_2013_aug29_release__r1,forum_city_2013_08_29_n848,forum_2013_aug29_release,p.4 [All Respondents] Total column,mayoral,toronto-mayor-2014,not_reported,,1,reported,"If a mayoral election were held today, who would you vote for if the candidates were Rob Ford and Olivia Chow?",Ford / Chow,Toronto voters age 18+,none,,all_respondents,[All Respondents],not_reported,,not_reported,,reported,848,complete,complete,percent,0,Extracted from the [All Respondents] Total column; values agreed across two independent vision reads.,general_vote_intention
forum_2013_aug29_release__r2,forum_city_2013_08_29_n848,forum_2013_aug29_release,p.7 [All Respondents] Total column,mayoral,toronto-mayor-2014,not_reported,,2,reported,"If a mayoral election were held today, who would you vote for if the candidates were Rob Ford and John Tory?",Ford / Tory,Toronto voters age 18+,none,,all_respondents,[All Respondents],not_reported,,not_reported,,reported,848,complete,complete,percent,0,Extracted from the [All Respondents] Total column; values agreed across two independent vision reads.,general_vote_intention
forum_2013_aug29_release__r3,forum_city_2013_08_29_n848,forum_2013_aug29_release,p.10 [All Respondents] Total column,mayoral,toronto-mayor-2014,not_reported,,3,reported,"If a mayoral election were held today, who would you vote for if the candidates were Rob Ford and Karen Stintz?",Ford / Stintz,Toronto voters age 18+,none,,all_respondents,[All Respondents],not_reported,,not_reported,,reported,848,complete,complete,percent,0,Extracted from the [All Respondents] Total column; values agreed across two independent vision reads.,general_vote_intention
forum_2013_aug29_release__r4,forum_city_2013_08_29_n848,forum_2013_aug29_release,p.13 [All Respondents] Total column,mayoral,toronto-mayor-2014,not_reported,,4,reported,"If a mayoral election were held today, who would you vote for if the candidates were Rob Ford and Denzil Minnan-Wong?",Ford / Minnan-Wong,Toronto voters age 18+,none,,all_respondents,[All Respondents],not_reported,,not_reported,,reported,848,complete,complete,percent,0,Extracted from the [All Respondents] Total column; values agreed across two independent vision reads.,general_vote_intention
forum_2013_aug29_release__r5,forum_city_2013_08_29_n848,forum_2013_aug29_release,p.16 [All Respondents] Total column,mayoral,toronto-mayor-2014,not_reported,,5,reported,"If a mayoral election were held today, who would you vote for if the candidates were Rob Ford, Olivia Chow, John Tory and Karen Stintz?",Ford / Chow / Tory / Stintz,Toronto voters age 18+,none,,all_respondents,[All Respondents],not_reported,,not_reported,,reported,848,complete,complete,percent,0,Extracted from the [All Respondents] Total column; values agreed across two independent vision reads.,general_vote_intention
forum_2014_jan22_release__r1,forum_city_2014_01_22_n1063,forum_2014_jan22_release,p.13 [All Respondents] Total column,mayoral,toronto-mayor-2014,not_reported,,1,reported,"If a mayoral election were held today, who would you vote for if the candidates were Rob Ford, Karen Stintz and David Soknacki?",Ford / Stintz / Soknacki,Toronto voters age 18+,none,,all_respondents,[All Respondents],not_reported,,not_reported,,reported,1063,complete,complete,percent,0,Extracted from the [All Respondents] Total column; values agreed across two independent vision reads.,general_vote_intention
forum_2014_jan22_release__r2,forum_city_2014_01_22_n1063,forum_2014_jan22_release,p.16 [All Respondents] Total column,mayoral,toronto-mayor-2014,not_reported,,2,reported,"If a mayoral election were held today, who would you vote for if the candidates were Olivia Chow, Karen Stintz and David Soknacki?",Chow / Stintz / Soknacki,Toronto voters age 18+,none,,all_respondents,[All Respondents],not_reported,,not_reported,,reported,1063,complete,complete,percent,0,Extracted from the [All Respondents] Total column; values agreed across two independent vision reads.,general_vote_intention
forum_2014_jan22_release__r3,forum_city_2014_01_22_n1063,forum_2014_jan22_release,p.19 [All Respondents] Total column,mayoral,toronto-mayor-2014,not_reported,,3,reported,"If a mayoral election were held today, who would you vote for if the candidates were John Tory, Karen Stintz and David Soknacki?",Tory / Stintz / Soknacki,Toronto voters age 18+,none,,all_respondents,[All Respondents],not_reported,,not_reported,,reported,1063,complete,complete,percent,0,Extracted from the [All Respondents] Total column; values agreed across two independent vision reads.,general_vote_intention
forum_2014_jan22_release__r4,forum_city_2014_01_22_n1063,forum_2014_jan22_release,p.22 [All Respondents] Total column,mayoral,toronto-mayor-2014,not_reported,,4,reported,"If a mayoral election were held today, who would you vote for if the candidates were Rob Ford, Olivia Chow, Karen Stintz and David Soknacki?",Ford / Chow / Stintz / Soknacki,Toronto voters age 18+,none,,all_respondents,[All Respondents],not_reported,,not_reported,,reported,1063,complete,complete,percent,0,Extracted from the [All Respondents] Total column; values agreed across two independent vision reads.,general_vote_intention
forum_2014_jan22_release__r5,forum_city_2014_01_22_n1063,forum_2014_jan22_release,p.25 [All Respondents] Total column,mayoral,toronto-mayor-2014,not_reported,,5,reported,"If a mayoral election were held today, who would you vote for if the candidates were Rob Ford, Karen Stintz, John Tory and David Soknacki?",Ford / Tory / Stintz / Soknacki,Toronto voters age 18+,none,,all_respondents,[All Respondents],not_reported,,not_reported,,reported,1063,complete,complete,percent,0,Extracted from the [All Respondents] Total column; values agreed across two independent vision reads.,general_vote_intention
forum_2014_jan22_release__r6,forum_city_2014_01_22_n1063,forum_2014_jan22_release,p.28 [All Respondents] Total column,mayoral,toronto-mayor-2014,not_reported,,6,reported,"If a mayoral election were held today, who would you vote for if the candidates were John Tory, Olivia Chow, Karen Stintz and David Soknacki?",Stintz / Chow / Soknacki / Tory,Toronto voters age 18+,none,,all_respondents,[All Respondents],not_reported,,not_reported,,reported,1063,complete,complete,percent,0,Extracted from the [All Respondents] Total column; values agreed across two independent vision reads.,general_vote_intention
forum_2014_jan22_release__r7,forum_city_2014_01_22_n1063,forum_2014_jan22_release,p.31 [All Respondents] Total column,mayoral,toronto-mayor-2014,not_reported,,7,reported,"If a mayoral election were held today, who would you vote for if the candidates were Rob Ford, Olivia Chow, Karen Stintz, John Tory and David Soknacki?",Ford / Chow / Stintz / Tory / Soknacki,Toronto voters age 18+,none,,all_respondents,[All Respondents],not_reported,,not_reported,,reported,1063,complete,complete,percent,0,Extracted from the [All Respondents] Total column; values agreed across two independent vision reads.,general_vote_intention
forum_2014_mar27_release__r1,forum_city_2014_03_27_n634,forum_2014_mar27_release,p.8 [All Respondents] Total column,mayoral,toronto-mayor-2014,not_reported,,1,reported,"If a mayoral election were held today, who would you vote for if the candidates were John Tory, Olivia Chow, Karen Stintz and David Soknacki?",Stintz / Chow / Soknacki / Tory,Toronto voters age 18+,none,,all_respondents,[All Respondents],not_reported,,not_reported,,reported,634,complete,complete,percent,0,Extracted from the [All Respondents] Total column; values agreed across two independent vision reads.,general_vote_intention
forum_2014_mar27_release__r2,forum_city_2014_03_27_n634,forum_2014_mar27_release,p.11 [All Respondents] Total column,mayoral,toronto-mayor-2014,not_reported,,2,reported,"If a mayoral election were held today, who would you vote for if the candidates were Rob Ford, Olivia Chow, Karen Stintz, John Tory and David Soknacki?",Ford / Chow / Stintz / Tory / Soknacki,Toronto voters age 18+,none,,all_respondents,[All Respondents],not_reported,,not_reported,,reported,634,complete,complete,percent,0,Extracted from the [All Respondents] Total column; values agreed across two independent vision reads.,general_vote_intention
forum_2013_jul30_release__r1,forum_city_2013_07_29_n1368,forum_2013_jul30_release,p.4 [All Respondents] Total column,mayoral,toronto-mayor-2014,not_reported,,1,reported,"If a mayoral election were held today, who would you vote for if the candidates were Mayor Rob Ford and MP Olivia Chow?",Ford / Chow,Toronto voters age 18+,none,,all_respondents,[All Respondents],not_reported,,not_reported,,reported,1368,complete,complete,percent,0,Extracted from the [All Respondents] Total column; agreed across two independent vision reads.,general_vote_intention
forum_2013_jul30_release__r2,forum_city_2013_07_29_n1368,forum_2013_jul30_release,p.7 [All Respondents] Total column,mayoral,toronto-mayor-2014,not_reported,,2,reported,"If a mayoral election were held today, who would you vote for if the candidates were Mayor Rob Ford and radio host John Tory?",Ford / Tory,Toronto voters age 18+,none,,all_respondents,[All Respondents],not_reported,,not_reported,,reported,1368,complete,complete,percent,0,Extracted from the [All Respondents] Total column; agreed across two independent vision reads.,general_vote_intention
forum_2013_jul30_release__r3,forum_city_2013_07_29_n1368,forum_2013_jul30_release,p.10 [All Respondents] Total column,mayoral,toronto-mayor-2014,not_reported,,3,reported,"If a mayoral election were held today, who would you vote for if the candidates were Mayor Rob Ford and Adam Giambrone?",Ford / Giambrone,Toronto voters age 18+,none,,all_respondents,[All Respondents],not_reported,,not_reported,,reported,1368,complete,complete,percent,0,Extracted from the [All Respondents] Total column; agreed across two independent vision reads.,general_vote_intention
forum_2013_jul30_release__r4,forum_city_2013_07_29_n1368,forum_2013_jul30_release,p.13 [All Respondents] Total column,mayoral,toronto-mayor-2014,not_reported,,4,reported,"If a mayoral election were held today, who would you vote for if the candidates were Mayor Rob Ford and Karen Stintz?",Ford / Stintz,Toronto voters age 18+,none,,all_respondents,[All Respondents],not_reported,,not_reported,,reported,1368,complete,complete,percent,0,Extracted from the [All Respondents] Total column; agreed across two independent vision reads.,general_vote_intention
forum_2013_nov04_release__r1,forum_city_2013_11_04_n1393,forum_2013_nov04_release,p.4 [All Respondents] Total column,mayoral,toronto-mayor-2014,not_reported,,1,reported,"If a mayoral election were held today, who would you vote for if the candidates were Rob Ford, Karen Stintz and David Soknacki?",Ford / Stintz / Soknacki,Toronto voters age 18+,none,,all_respondents,[All Respondents],not_reported,,not_reported,,reported,1393,complete,complete,percent,0,Extracted from the [All Respondents] Total column; agreed across two independent vision reads.,general_vote_intention
forum_2013_nov04_release__r2,forum_city_2013_11_04_n1393,forum_2013_nov04_release,p.7 [All Respondents] Total column,mayoral,toronto-mayor-2014,not_reported,,2,reported,"If a mayoral election were held today, who would you vote for if the candidates were Rob Ford, Karen Stintz, David Soknacki and Olivia Chow?",Ford / Chow / Stintz / Soknacki,Toronto voters age 18+,none,,all_respondents,[All Respondents],not_reported,,not_reported,,reported,1393,complete,complete,percent,0,Extracted from the [All Respondents] Total column; agreed across two independent vision reads.,general_vote_intention
forum_2013_nov04_release__r3,forum_city_2013_11_04_n1393,forum_2013_nov04_release,p.10 [All Respondents] Total column,mayoral,toronto-mayor-2014,not_reported,,3,reported,"If a mayoral election were held today, who would you vote for if the candidates were Rob Ford, Olivia Chow, Karen Stintz, John Tory and David Soknacki?",Ford / Chow / Stintz / Tory / Soknacki,Toronto voters age 18+,none,,all_respondents,[All Respondents],not_reported,,not_reported,,reported,1393,complete,complete,percent,0,Extracted from the [All Respondents] Total column; agreed across two independent vision reads.,general_vote_intention
forum_2013_nov04_release__r4,forum_city_2013_11_04_n1393,forum_2013_nov04_release,p.13 [All Respondents] Total column,mayoral,toronto-mayor-2014,not_reported,,4,reported,"If a mayoral election were held today, who would you vote for if the candidates were Rob Ford, John Tory, Karen Stintz and David Soknacki?",Ford / Tory / Stintz / Soknacki,Toronto voters age 18+,none,,all_respondents,[All Respondents],not_reported,,not_reported,,reported,1393,complete,complete,percent,0,Extracted from the [All Respondents] Total column; agreed across two independent vision reads.,general_vote_intention
forum_2013_sep23_release__r1,forum_city_2013_09_22_n1082,forum_2013_sep23_release,p.4 [All Respondents] Age / Gender Total column,mayoral,toronto-mayor-2014,not_reported,,1,reported,"If a mayoral election were held today, who would you vote for if the candidates were Olivia Chow and John Tory?",Chow / Tory,Toronto voters age 18+,none,,all_respondents,[All Respondents],not_reported,,not_reported,,reported,1082,complete,complete,percent,0,Extracted from the [All Respondents] Total column; agreed across two independent vision reads.,general_vote_intention
forum_2013_sep23_release__r2,forum_city_2013_09_22_n1082,forum_2013_sep23_release,p.7 [All Respondents] Age / Gender Total column,mayoral,toronto-mayor-2014,not_reported,,2,reported,"If a mayoral election were held today, who would you vote for if the candidates were Karen Stintz and Olivia Chow?",Stintz / Chow,Toronto voters age 18+,none,,all_respondents,[All Respondents],not_reported,,not_reported,,reported,1082,complete,complete,percent,0,Extracted from the [All Respondents] Total column; agreed across two independent vision reads.,general_vote_intention
forum_2013_sep23_release__r3,forum_city_2013_09_22_n1082,forum_2013_sep23_release,p.10 [All Respondents] Age / Gender Total column,mayoral,toronto-mayor-2014,not_reported,,3,reported,"If a mayoral election were held today, who would you vote for if the candidates were Olivia Chow and Denzil Minnan-Wong?",Chow / Minnan-Wong,Toronto voters age 18+,none,,all_respondents,[All Respondents],not_reported,,not_reported,,reported,1082,complete,complete,percent,0,Extracted from the [All Respondents] Total column; agreed across two independent vision reads.,general_vote_intention
forum_2013_sep23_release__r4,forum_city_2013_09_22_n1082,forum_2013_sep23_release,p.13 [All Respondents] Age / Gender Total column,mayoral,toronto-mayor-2014,not_reported,,4,reported,"If a mayoral election were held today, who would you vote for if the candidates were Olivia Chow, John Tory and Karen Stintz?",Chow / Tory / Stintz,Toronto voters age 18+,none,,all_respondents,[All Respondents],not_reported,,not_reported,,reported,1082,complete,complete,percent,0,Extracted from the [All Respondents] Total column; agreed across two independent vision reads.,general_vote_intention
forum_2013_sep23_release__r5,forum_city_2013_09_22_n1082,forum_2013_sep23_release,p.16 [All Respondents] Age / Gender Total column,mayoral,toronto-mayor-2014,not_reported,,5,reported,"If a mayoral election were held today, who would you vote for if the candidates were Olivia Chow, Denzil Minnan-Wong and Karen Stintz?",Chow / Minnan-Wong / Stintz,Toronto voters age 18+,none,,all_respondents,[All Respondents],not_reported,,not_reported,,reported,1082,complete,complete,percent,0,Extracted from the [All Respondents] Total column; agreed across two independent vision reads.,general_vote_intention
forum_2013_oct31_release__r1,forum_city_2013_10_31_n1032,forum_2013_oct31_release,p.4 [All Respondents] Total column,mayoral,toronto-mayor-2014,not_reported,,1,reported,"If a mayoral election were held today, who would you vote for if the candidates were Rob Ford, Karen Stintz and David Soknacki?",Ford / Stintz / Soknacki,Toronto voters age 18+,none,,all_respondents,[All Respondents],not_reported,,not_reported,,reported,1032,complete,complete,percent,0,Extracted from the [All Respondents] Total column; agreed across two independent vision reads.,general_vote_intention
forum_2013_oct31_release__r2,forum_city_2013_10_31_n1032,forum_2013_oct31_release,p.7 [All Respondents] Total column,mayoral,toronto-mayor-2014,not_reported,,2,reported,"If a mayoral election were held today, who would you vote for if the candidates were Rob Ford, Karen Stintz, David Soknacki and Olivia Chow?",Ford / Chow / Stintz / Soknacki,Toronto voters age 18+,none,,all_respondents,[All Respondents],not_reported,,not_reported,,reported,1032,complete,complete,percent,0,Extracted from the [All Respondents] Total column; agreed across two independent vision reads.,general_vote_intention
forum_2013_oct31_release__r3,forum_city_2013_10_31_n1032,forum_2013_oct31_release,p.10 [All Respondents] Total column,mayoral,toronto-mayor-2014,not_reported,,3,reported,"If a mayoral election were held today, who would you vote for if the candidates were Olivia Chow, Karen Stintz and David Soknacki?",Chow / Stintz / Soknacki,Toronto voters age 18+,none,,all_respondents,[All Respondents],not_reported,,not_reported,,reported,1032,complete,complete,percent,0,Extracted from the [All Respondents] Total column; agreed across two independent vision reads.,general_vote_intention
forum_2013_oct31_release__r4,forum_city_2013_10_31_n1032,forum_2013_oct31_release,p.13 [All Respondents] Total column,mayoral,toronto-mayor-2014,not_reported,,4,reported,"If a mayoral election were held today, who would you vote for if the candidates were Rob Ford, Olivia Chow, Karen Stintz, John Tory and David Soknacki?",Ford / Chow / Stintz / Tory / Soknacki,Toronto voters age 18+,none,,all_respondents,[All Respondents],not_reported,,not_reported,,reported,1032,complete,complete,percent,0,Extracted from the [All Respondents] Total column; agreed across two independent vision reads.,general_vote_intention
forum_2013_oct31_release__r5,forum_city_2013_10_31_n1032,forum_2013_oct31_release,p.16 [All Respondents] Total column,mayoral,toronto-mayor-2014,not_reported,,5,reported,"If a mayoral election were held today, who would you vote for if the candidates were Olivia Chow, Karen Stintz, John Tory and David Soknacki?",Chow / Stintz / Tory / Soknacki,Toronto voters age 18+,none,,all_respondents,[All Respondents],not_reported,,not_reported,,reported,1032,complete,complete,percent,0,Extracted from the [All Respondents] Total column; agreed across two independent vision reads.,general_vote_intention
forum_2013_oct31_release__r6,forum_city_2013_10_31_n1032,forum_2013_oct31_release,p.19 [All Respondents] Total column,mayoral,toronto-mayor-2014,not_reported,,6,reported,"If a mayoral election were held today, who would you vote for if the candidates were Rob Ford, John Tory, Karen Stintz and David Soknacki?",Ford / Tory / Stintz / Soknacki,Toronto voters age 18+,none,,all_respondents,[All Respondents],not_reported,,not_reported,,reported,1032,complete,complete,percent,0,Extracted from the [All Respondents] Total column; agreed across two independent vision reads.,general_vote_intention
forum_2013_oct31_release__r7,forum_city_2013_10_31_n1032,forum_2013_oct31_release,p.22 [All Respondents] Total column,mayoral,toronto-mayor-2014,not_reported,,7,reported,"If a mayoral election were held today, who would you vote for if the candidates were John Tory, Karen Stintz and David Soknacki?",Tory / Stintz / Soknacki,Toronto voters age 18+,none,,all_respondents,[All Respondents],not_reported,,not_reported,,reported,1032,complete,complete,percent,0,Extracted from the [All Respondents] Total column; agreed across two independent vision reads.,general_vote_intention
forum_2014_mar13_release__r1,forum_city_2014_03_13_n1271,forum_2014_mar13_release,p.7 [All Respondents] Total column,mayoral,toronto-mayor-2014,not_reported,,1,reported,"If a mayoral election were held today, who would you vote for if the candidates were Rob Ford, Olivia Chow, Karen Stintz, John Tory and David Soknacki?",Ford / Chow / Stintz / Tory / Soknacki,Toronto voters age 18+,none,,all_respondents,[All Respondents],not_reported,,not_reported,,reported,1271,complete,complete,percent,0,Extracted from the [All Respondents] Total column; agreed across two independent vision reads.,general_vote_intention
forum_2014_mar13_release__r2,forum_city_2014_03_13_n1271,forum_2014_mar13_release,p.10 [All Respondents] Total column,mayoral,toronto-mayor-2014,not_reported,,2,reported,"If a mayoral election were held today, who would you vote for if the candidates were John Tory, Olivia Chow, Karen Stintz and David Soknacki?",Stintz / Chow / Soknacki / Tory,Toronto voters age 18+,none,,all_respondents,[All Respondents],not_reported,,not_reported,,reported,1271,complete,complete,percent,0,Extracted from the [All Respondents] Total column; agreed across two independent vision reads.,general_vote_intention
forum_2014_mar13_release__r3,forum_city_2014_03_13_n1271,forum_2014_mar13_release,p.13 [All Respondents] Total column,mayoral,toronto-mayor-2014,not_reported,,3,reported,"If a mayoral election were held today, who would you vote for if the candidates were Rob Ford, John Tory and Olivia Chow?",Ford / Tory / Chow,Toronto voters age 18+,none,,all_respondents,[All Respondents],not_reported,,not_reported,,reported,1271,complete,complete,percent,0,Extracted from the [All Respondents] Total column; agreed across two independent vision reads.,general_vote_intention
forum_2013_oct30_release__r1,forum_city_2013_10_29_n1093,forum_2013_oct30_release,p.3 [All Respondents] Total column,mayoral,toronto-mayor-2014,not_reported,,1,reported,"If a mayoral election were held today, who would you vote for if the candidates were Rob Ford, Karen Stintz, David Soknacki and Olivia Chow?",Ford / Stintz / Soknacki / Chow,Toronto voters age 18+,none,,all_respondents,[All Respondents],not_reported,,not_reported,,reported,1093,complete,complete,percent,0,Extracted from the [All Respondents] Total column; agreed across two independent vision reads.,general_vote_intention
forum_2013_oct30_release__r2,forum_city_2013_10_29_n1093,forum_2013_oct30_release,p.6 [All Respondents] Total column,mayoral,toronto-mayor-2014,not_reported,,2,reported,"If a mayoral election were held today, who would you vote for if the candidates were Karen Stintz, Olivia Chow, David Soknacki and John Tory?",Stintz / Chow / Soknacki / Tory,Toronto voters age 18+,none,,all_respondents,[All Respondents],not_reported,,not_reported,,reported,1093,complete,complete,percent,0,Extracted from the [All Respondents] Total column; agreed across two independent vision reads.,general_vote_intention
forum_2013_oct30_release__r3,forum_city_2013_10_29_n1093,forum_2013_oct30_release,p.9 [All Respondents] Total column,mayoral,toronto-mayor-2014,not_reported,,3,reported,"If a mayoral election were held today, who would you vote for if the candidates were Rob Ford, Olivia Chow, John Tory, David Soknacki and Karen Stintz?",Ford / Chow / Tory / Soknacki / Stintz,Toronto voters age 18+,none,,all_respondents,[All Respondents],not_reported,,not_reported,,reported,1093,complete,complete,percent,0,Extracted from the [All Respondents] Total column; agreed across two independent vision reads.,general_vote_intention
forum_2013_oct30_release__r4,forum_city_2013_10_29_n1093,forum_2013_oct30_release,p.12 [All Respondents] Total column,mayoral,toronto-mayor-2014,not_reported,,4,reported,"If a mayoral election were held today, who would you vote for if the candidates were Karen Stintz, Olivia Chow, David Soknacki and Denzil Minnan-Wong?",Stintz / Chow / Soknacki / Minnan-Wong,Toronto voters age 18+,none,,all_respondents,[All Respondents],not_reported,,not_reported,,reported,1093,complete,complete,percent,0,Extracted from the [All Respondents] Total column; agreed across two independent vision reads.,general_vote_intention
forum_2013_oct30_release__r5,forum_city_2013_10_29_n1093,forum_2013_oct30_release,p.15 [All Respondents] Total column,mayoral,toronto-mayor-2014,not_reported,,5,reported,"If a mayoral election were held today, who would you vote for if the candidates were Rob Ford, Olivia Chow, Denzil Minnan-Wong, David Soknacki and Karen Stintz?",Ford / Chow / Minnan-Wong / Soknacki / Stintz,Toronto voters age 18+,none,,all_respondents,[All Respondents],not_reported,,not_reported,,reported,1093,complete,complete,percent,0,Extracted from the [All Respondents] Total column; agreed across two independent vision reads.,general_vote_intention
forum_2013_oct30_release__r6,forum_city_2013_10_30_n1041,forum_2013_oct30_release,p.18 [All Respondents] Total column (Oct 30 wave),mayoral,toronto-mayor-2014,not_reported,,6,reported,"If a mayoral election were held today, who would you vote for if the candidates were Rob Ford, Karen Stintz and David Soknacki?",Ford / Stintz / Soknacki,Toronto voters age 18+,none,,all_respondents,[All Respondents],not_reported,,not_reported,,reported,1041,complete,complete,percent,0,Extracted from the [All Respondents] Total column; agreed across two independent vision reads.,general_vote_intention
forum_2013_nov06_release__r1,forum_city_2013_11_06_n1157,forum_2013_nov06_release,p.22 [All Respondents] Total column,mayoral,toronto-mayor-2014,not_reported,,1,reported,"If a mayoral election were held today, who would you vote for if the candidates were Rob Ford, Karen Stintz and David Soknacki?",Ford / Stintz / Soknacki,Toronto voters age 18+,none,,all_respondents,[All Respondents],not_reported,,not_reported,,reported,1157,complete,complete,percent,0,Extracted from the [All Respondents] Total column; agreed across two independent vision reads.,general_vote_intention
forum_2013_nov06_release__r2,forum_city_2013_11_06_n1157,forum_2013_nov06_release,p.25 [All Respondents] Total column,mayoral,toronto-mayor-2014,not_reported,,2,reported,"If a mayoral election were held today, who would you vote for if the candidates were Rob Ford, Karen Stintz, David Soknacki and Olivia Chow?",Ford / Chow / Stintz / Soknacki,Toronto voters age 18+,none,,all_respondents,[All Respondents],not_reported,,not_reported,,reported,1157,complete,complete,percent,0,Extracted from the [All Respondents] Total column; agreed across two independent vision reads.,general_vote_intention
forum_2013_nov06_release__r3,forum_city_2013_11_06_n1157,forum_2013_nov06_release,p.28 [All Respondents] Total column,mayoral,toronto-mayor-2014,not_reported,,3,reported,"If a mayoral election were held today, who would you vote for if the candidates were Rob Ford, Olivia Chow, Karen Stintz, John Tory and David Soknacki?",Ford / Chow / Stintz / Tory / Soknacki,Toronto voters age 18+,none,,all_respondents,[All Respondents],not_reported,,not_reported,,reported,1157,complete,complete,percent,0,Extracted from the [All Respondents] Total column; agreed across two independent vision reads.,general_vote_intention
forum_2013_jan25_release__r1,forum_city_2013_01_25_n1099,forum_2013_jan25_release,p.10 [All Respondents] Total column,mayoral,toronto-mayor-2014,not_reported,,1,reported,"If a mayoral election were held today, who would you vote for if the candidates were Mayor Rob Ford and radio host John Tory?",Ford / Tory,Toronto voters age 18+,none,,all_respondents,[All Respondents],not_reported,,not_reported,,reported,1099,complete,complete,percent,0,Extracted from the [All Respondents] Total column; agreed across two independent vision reads.,general_vote_intention
forum_2013_jan25_release__r2,forum_city_2013_01_25_n1099,forum_2013_jan25_release,p.12 [All Respondents] Total column,mayoral,toronto-mayor-2014,not_reported,,2,reported,"If a mayoral election were held today, who would you vote for if the candidates were Mayor Rob Ford and Councillor Adam Vaughan?",Ford / Vaughan,Toronto voters age 18+,none,,all_respondents,[All Respondents],not_reported,,not_reported,,reported,1099,complete,complete,percent,0,Extracted from the [All Respondents] Total column; agreed across two independent vision reads.,general_vote_intention
forum_2013_jan25_release__r3,forum_city_2013_01_25_n1099,forum_2013_jan25_release,p.14 [All Respondents] Total column,mayoral,toronto-mayor-2014,not_reported,,3,reported,"If a mayoral election were held today, who would you vote for if the candidates were Mayor Rob Ford and federal MP Olivia Chow?",Ford / Chow,Toronto voters age 18+,none,,all_respondents,[All Respondents],not_reported,,not_reported,,reported,1099,complete,complete,percent,0,Extracted from the [All Respondents] Total column; agreed across two independent vision reads.,general_vote_intention
forum_2013_jan25_release__r4,forum_city_2013_01_25_n1099,forum_2013_jan25_release,p.16 [All Respondents] Total column,mayoral,toronto-mayor-2014,not_reported,,4,reported,"If a mayoral election were held today, who would you vote for if the candidates were Mayor Rob Ford and former Blue Jay slugger José Canseco?",Ford / Canseco,Toronto voters age 18+,none,,all_respondents,[All Respondents],not_reported,,not_reported,,reported,1099,complete,complete,percent,0,Extracted from the [All Respondents] Total column; agreed across two independent vision reads.,general_vote_intention
forum_2013_jan25_release__r5,forum_city_2013_01_25_n1099,forum_2013_jan25_release,p.19 [All Respondents] Total column,mayoral,toronto-mayor-2014,not_reported,,5,reported,"If a mayoral election were held today, who would you vote for if the candidates were Mayor Rob Ford and Councillor Denzil Minnan-Wong?",Ford / Minnan-Wong,Toronto voters age 18+,none,,all_respondents,[All Respondents],not_reported,,not_reported,,reported,1099,complete,complete,percent,0,Extracted from the [All Respondents] Total column; agreed across two independent vision reads.,general_vote_intention
forum_2013_jan25_release__r6,forum_city_2013_01_25_n1099,forum_2013_jan25_release,p.22 [All Respondents] Total column,mayoral,toronto-mayor-2014,not_reported,,6,reported,"If a mayoral election were held today, who would you vote for if the candidates were Mayor Rob Ford and TTC Chair Karen Stintz?",Ford / Stintz,Toronto voters age 18+,none,,all_respondents,[All Respondents],not_reported,,not_reported,,reported,1099,complete,complete,percent,0,Extracted from the [All Respondents] Total column; agreed across two independent vision reads.,general_vote_intention
forum_2013_jan25_release__r7,forum_city_2013_01_25_n1099,forum_2013_jan25_release,p.24 [All Respondents] Total column,mayoral,toronto-mayor-2014,not_reported,,7,reported,"If a mayoral election were held today, who would you vote for if the candidates were Mayor Rob Ford and Councillor Shelley Carroll?",Ford / Carroll,Toronto voters age 18+,none,,all_respondents,[All Respondents],not_reported,,not_reported,,reported,1099,complete,complete,percent,0,Extracted from the [All Respondents] Total column; agreed across two independent vision reads.,general_vote_intention
mainstreet_2014_sep13_report__r1,mainstreet_city_2014_09_12_n1054,mainstreet_2014_sep13_report,p.2 MAYORAL POLL — Including Undecided Voters Total column,mayoral,toronto-mayor-2014,not_reported,,1,reported,If an election were held today for whom would you cast your vote for mayor?,Chow / Doug Ford / Tory,Toronto voters age 18+,none,,all_respondents,Including Undecided Voters,not_reported,,not_reported,,reported,1054,complete,complete,percent,0,Extracted from the all-respondents (including-undecided) mayoral table; agreed across two independent vision reads.,general_vote_intention
mainstreet_2014_sep13_report__r2,mainstreet_city_2014_09_12_n1054,mainstreet_2014_sep13_report,p.2 MAYORAL POLL — Among Decided Voters,mayoral,toronto-mayor-2014,not_reported,,2,reported,If an election were held today for whom would you cast your vote for mayor?,Chow / Doug Ford / Tory,Toronto voters age 18+,none,,decided_respondents,Among Decided Voters,not_reported,,not_reported,,not_reported,,complete,complete,percent,0,Extracted from the all-respondents (including-undecided) mayoral table; agreed across two independent vision reads.,general_vote_intention
mainstreet_2014_sep21_report__r1,mainstreet_city_2014_09_21_n2469,mainstreet_2014_sep21_report,p.2 MAYORAL POLL [Including Undecided Voters] Total column,mayoral,toronto-mayor-2014,not_reported,,1,reported,"Thinking about the race for Mayor, if an election were held today, for whom would you cast your vote? (Olivia Chow, Doug Ford, John Tory, Undecided; order randomized)",Chow / Ford / Tory,Toronto voters age 18+,none,,all_respondents,Including Undecided Voters,not_reported,,not_reported,,reported,2469,complete,complete,percent,0,Extracted from the all-respondents (including-undecided) mayoral table; agreed across two independent vision reads.,general_vote_intention
mainstreet_2014_sep21_report__r2,mainstreet_city_2014_09_21_n2469,mainstreet_2014_sep21_report,p.2 MAYORAL POLL [Among Decided Voters],mayoral,toronto-mayor-2014,not_reported,,2,reported,"Thinking about the race for Mayor, if an election were held today, for whom would you cast your vote? (Olivia Chow, Doug Ford, John Tory, Undecided; order randomized)",Chow / Ford / Tory,Toronto voters age 18+,none,,decided_respondents,Among Decided Voters,not_reported,,not_reported,,not_reported,,complete,complete,percent,0,Extracted from the all-respondents (including-undecided) mayoral table; agreed across two independent vision reads.,general_vote_intention
mainstreet_2014_sep28_report__r1,mainstreet_city_2014_09_28_n2409,mainstreet_2014_sep28_report,p.2 MAYORAL POLL — INCLUDING UNDECIDED VOTERS,mayoral,toronto-mayor-2014,not_reported,,1,reported,"Thinking about the race for Mayor, if an election were held today, for whom would you cast your vote? (Olivia Chow, Doug Ford, John Tory, Undecided; order randomized)",Chow / Ford / Tory,Toronto voters age 18+,none,,all_respondents,Including Undecided Voters,not_reported,,not_reported,,reported,2409,complete,complete,percent,0,Extracted from the all-respondents (including-undecided) mayoral table; agreed across two independent vision reads.,general_vote_intention
mainstreet_2014_sep28_report__r2,mainstreet_city_2014_09_28_n2409,mainstreet_2014_sep28_report,p.2 MAYORAL POLL — AMONG DECIDED VOTERS,mayoral,toronto-mayor-2014,not_reported,,2,reported,"Thinking about the race for Mayor, if an election were held today, for whom would you cast your vote? (Olivia Chow, Doug Ford, John Tory, Undecided; order randomized)",Chow / Ford / Tory,Toronto voters age 18+,none,,decided_respondents,Among Decided Voters,not_reported,,not_reported,,not_reported,,complete,complete,percent,0,Extracted from the all-respondents (including-undecided) mayoral table; agreed across two independent vision reads.,general_vote_intention
mainstreet_2014_oct05_report__r1,mainstreet_city_2014_10_05_n2379,mainstreet_2014_oct05_report,p.2 MAYORAL POLL [Including Undecided Voters] Total column,mayoral,toronto-mayor-2014,not_reported,,1,reported,"Thinking about the race for Mayor, if an election were held today, for whom would you cast your vote?",Chow / Ford / Tory,Toronto voters age 18+,none,,all_respondents,Including Undecided Voters,not_reported,,not_reported,,reported,2379,complete,complete,percent,0,Extracted from the all-respondents (including-undecided) mayoral table; agreed across two independent vision reads.,general_vote_intention
mainstreet_2014_oct05_report__r2,mainstreet_city_2014_10_05_n2379,mainstreet_2014_oct05_report,p.2 MAYORAL POLL [Among Decided Voters],mayoral,toronto-mayor-2014,not_reported,,2,reported,"Thinking about the race for Mayor, if an election were held today, for whom would you cast your vote?",Chow / Ford / Tory,Toronto voters age 18+,none,,decided_respondents,Among Decided Voters,not_reported,,not_reported,,not_reported,,complete,complete,percent,0,Extracted from the all-respondents (including-undecided) mayoral table; agreed across two independent vision reads.,general_vote_intention
mainstreet_2014_oct23_report__r1,mainstreet_city_2014_10_23_n3569,mainstreet_2014_oct23_report,p.2 MAYORAL POLL - Including Undecided Voters (Total column),mayoral,toronto-mayor-2014,not_reported,,1,reported,"Thinking about the race for Mayor, if an election were held today, for whom would you cast your vote?",Chow / Ford / Tory,Toronto voters age 18+,none,,all_respondents,Including Undecided Voters,not_reported,,not_reported,,reported,3569,complete,complete,percent,0,Extracted from the all-respondents (including-undecided) mayoral table; agreed across two independent vision reads.,general_vote_intention
mainstreet_2014_oct23_report__r2,mainstreet_city_2014_10_23_n3569,mainstreet_2014_oct23_report,p.2 MAYORAL POLL - Among Decided Voters,mayoral,toronto-mayor-2014,not_reported,,2,reported,"Thinking about the race for Mayor, if an election were held today, for whom would you cast your vote?",Chow / Ford / Tory,Toronto voters age 18+,none,,decided_respondents,Among Decided Voters,not_reported,,not_reported,,not_reported,,complete,complete,percent,0,Extracted from the all-respondents (including-undecided) mayoral table; agreed across two independent vision reads.,general_vote_intention
mainstreet_2018_sep16_report__r1,mainstreet_city_2018_09_16_n802,mainstreet_2018_sep16_report,p.7 (all voters) Total column,mayoral,toronto-mayor-2018,not_reported,,1,reported,"Which mayoral candidate would you vote for, or might lean toward?",Tory / Keesmaat / Goldy,Toronto voters age 18+,none,,all_respondents,Including Undecided Voters,not_reported,,not_reported,,reported,802,complete,complete,percent,1,Extracted from the all-respondents (including-undecided) mayoral table; agreed across two independent vision reads.,general_vote_intention
mainstreet_2018_sep16_report__r2,mainstreet_city_2018_09_16_n802,mainstreet_2018_sep16_report,p.7 (decided voters) Total column,mayoral,toronto-mayor-2018,not_reported,,2,reported,"Which mayoral candidate would you vote for, or might lean toward?",Tory / Keesmaat / Goldy,Toronto voters age 18+,none,,decided_respondents,Among Decided Voters,not_reported,,not_reported,,reported,608,complete,complete,percent,1,Extracted from the all-respondents (including-undecided) mayoral table; agreed across two independent vision reads.,general_vote_intention
mainstreet_2018_sep25_report__r1,mainstreet_city_2018_09_25_n966,mainstreet_2018_sep25_report,"p.6 Breakouts, 'Which mayoral candidate would you vote for, or might lean toward?' (all voters) Total column",mayoral,toronto-mayor-2018,not_reported,,1,reported,"On October 22 2018, you will have a chance to vote in your municipal election. Which mayoral candidate would you vote for, or might lean toward?",Tory / Keesmaat / Climenhaga / Gebresellassi / Goldy,Toronto voters age 18+,none,,all_respondents,Including Undecided Voters,not_reported,,not_reported,,reported,996,complete,complete,percent,1,Extracted from the all-respondents (including-undecided) mayoral table; agreed across two independent vision reads.,general_vote_intention
mainstreet_2018_sep25_report__r2,mainstreet_city_2018_09_25_n966,mainstreet_2018_sep25_report,"p.6 Breakouts, 'Which mayoral candidate would you vote for, or might lean toward?' (decided voters) Total column",mayoral,toronto-mayor-2018,not_reported,,2,reported,"On October 22 2018, you will have a chance to vote in your municipal election. Which mayoral candidate would you vote for, or might lean toward?",Tory / Keesmaat / Climenhaga / Gebresellassi / Goldy,Toronto voters age 18+,none,,decided_respondents,Among Decided Voters,not_reported,,not_reported,,reported,714,complete,complete,percent,1,Extracted from the all-respondents (including-undecided) mayoral table; agreed across two independent vision reads.,general_vote_intention
mainstreet_2014_oct17_report__r1,mainstreet_city_2014_10_16_n2265,mainstreet_2014_oct17_report,p.2 Mayoral Poll — Including Undecided Voters,mayoral,toronto-mayor-2014,not_reported,,1,reported,"Thinking about the race for Mayor, if an election were held today, for whom would you cast your vote? (Olivia Chow, Doug Ford, John Tory, Someone Else, Undecided; order randomized).",Chow / Ford / Tory,Toronto voters age 18+,none,,all_respondents,Including Undecided Voters,not_reported,,not_reported,,reported,2265,complete,complete,percent,0,Extracted from the all-respondents (including-undecided) mayoral table; agreed across two independent vision reads.,general_vote_intention
mainstreet_2014_oct17_report__r2,mainstreet_city_2014_10_16_n2265,mainstreet_2014_oct17_report,p.2 Mayoral Poll — Among Decided Voters,mayoral,toronto-mayor-2014,not_reported,,2,reported,"Thinking about the race for Mayor, if an election were held today, for whom would you cast your vote? (Olivia Chow, Doug Ford, John Tory, Someone Else, Undecided; order randomized).",Chow / Ford / Tory,Toronto voters age 18+,none,,decided_respondents,Among Decided Voters,not_reported,,not_reported,,not_reported,,complete,complete,percent,0,Extracted from the all-respondents (including-undecided) mayoral table; agreed across two independent vision reads.,general_vote_intention
nanos_2014_aug31_report__r1,nanos_city_2014_08_31_n1000,nanos_2014_aug31_report,"p.22 Q3 (first ranked response), Total [Canada 2014-08] column, n=1000",mayoral,toronto-mayor-2014,not_reported,,1,reported,"If the election for mayor of Toronto were held today, please tell me your first choice and your second choice from the following list of five candidates [first ranked response]",Chow / Ford / Soknacki / Tory / Thomson,Toronto voters age 18+,none,,all_respondents,First-ranked response including Unsure,not_reported,,not_reported,,reported,1000,complete,complete,percent,1,Extracted from the Nanos mayoral ballot table; agreed across two independent vision reads.,general_vote_intention
nanos_2014_aug31_report__r2,nanos_city_2014_08_31_n1000,nanos_2014_aug31_report,"p.23 Ballot - Decided Voters Only, Total [Canada 2014-08] column, n=832",mayoral,toronto-mayor-2014,not_reported,,2,reported,"If the election for mayor of Toronto were held today, please tell me your first choice and your second choice from the following list of five candidates [first ranked response]",Chow / Ford / Soknacki / Tory / Thomson,Toronto voters age 18+,none,,decided_respondents,Ballot (decided voters only),not_reported,,not_reported,,reported,832,complete,complete,percent,1,Extracted from the Nanos mayoral ballot table; agreed across two independent vision reads.,general_vote_intention
forum_2014_sep22_horserace__r1,forum_city_2014_09_22_n1164,forum_2014_sep22_horserace,p.4 [All Respondents] Total column,mayoral,toronto-mayor-2014,not_reported,,1,reported,"Who will you vote for in the mayoral election on October 27, Doug Ford, John Tory or Olivia Chow?",Doug Ford / Tory / Chow,Toronto voters age 18+,none,,all_respondents,[All Respondents],not_reported,,not_reported,,reported,1164,complete,complete,percent,0,Extracted from the [All Respondents] Total column; agreed across two independent vision reads.,general_vote_intention
forum_2014_sep22_horserace__r2,forum_city_2014_09_22_n1164,forum_2014_sep22_horserace,p.8 [All Respondents] Total column,mayoral,toronto-mayor-2014,not_reported,,2,reported,"Who will you vote for in the mayoral election on October 27, if the candidates are Doug Ford, John Tory, Olivia Chow and Ari Goldkind?",Doug Ford / Tory / Chow / Goldkind,Toronto voters age 18+,none,,all_respondents,[All Respondents],not_reported,,not_reported,,reported,1164,complete,complete,percent,0,Extracted from the [All Respondents] Total column; agreed across two independent vision reads.,general_vote_intention
forum_2014_feb09_sun__r1,forum_city_2014_02_06_n769,forum_2014_feb09_sun,"p.2 article prose (three-way race paragraph: Ford, Stintz and David Soknacki)",mayoral,toronto-mayor-2014,not_reported,,1,not_reported,,Ford / Stintz / Soknacki,Toronto voters age 18+,none,,not_reported,,not_reported,,not_reported,,reported,769,unknown,complete,percent,0,Extracted from the [All Respondents] Total column; agreed across two independent vision reads.,general_vote_intention
forum_2014_feb09_sun__r2,forum_city_2014_02_06_n769,forum_2014_feb09_sun,p.2 article prose (four-way race paragraph: Chow added to the mix),mayoral,toronto-mayor-2014,not_reported,,2,not_reported,,Chow / Ford / Stintz / Soknacki,Toronto voters age 18+,none,,not_reported,,not_reported,,not_reported,,reported,769,unknown,complete,percent,0,Extracted from the [All Respondents] Total column; agreed across two independent vision reads.,general_vote_intention
forum_2014_feb09_sun__r3,forum_city_2014_02_06_n769,forum_2014_feb09_sun,p.3 article prose (Tory runs and Chow stays out paragraph),mayoral,toronto-mayor-2014,not_reported,,3,not_reported,,Ford / Tory / Stintz / Soknacki,Toronto voters age 18+,none,,not_reported,,not_reported,,not_reported,,reported,769,unknown,complete,percent,0,Extracted from the [All Respondents] Total column; agreed across two independent vision reads.,general_vote_intention
forum_2014_feb09_sun__r4,forum_city_2014_02_06_n769,forum_2014_feb09_sun,p.3 article prose (five major candidates in the race paragraph),mayoral,toronto-mayor-2014,not_reported,,4,not_reported,,Chow / Ford / Tory / Stintz / Soknacki,Toronto voters age 18+,none,,not_reported,,not_reported,,not_reported,,reported,769,unknown,complete,percent,0,Extracted from the [All Respondents] Total column; agreed across two independent vision reads.,general_vote_intention
forum_2013_nov24_sun__r1,forum_city_2013_11_24_n1049,forum_2013_nov24_sun,"p.2 article prose (three-way race between Ford, Stintz and Soknacki)",mayoral,toronto-mayor-2014,not_reported,,1,not_reported,,Ford / Stintz / Soknacki,Toronto voters age 18+,none,,not_reported,,not_reported,,not_reported,,reported,1049,unknown,complete,percent,0,Extracted from the [All Respondents] Total column; agreed across two independent vision reads.,general_vote_intention
forum_2013_nov24_sun__r2,forum_city_2013_11_24_n1049,forum_2013_nov24_sun,"p.2 article prose (three-way race between Chow, Stintz and Soknacki)",mayoral,toronto-mayor-2014,not_reported,,2,not_reported,,Chow / Stintz / Soknacki,Toronto voters age 18+,none,,not_reported,,not_reported,,not_reported,,reported,1049,unknown,complete,percent,0,Extracted from the [All Respondents] Total column; agreed across two independent vision reads.,general_vote_intention
forum_2013_nov24_sun__r3,forum_city_2013_11_24_n1049,forum_2013_nov24_sun,p.2 article prose (four-way race adding Ford),mayoral,toronto-mayor-2014,not_reported,,3,not_reported,,Chow / Ford / Stintz / Soknacki,Toronto voters age 18+,none,,not_reported,,not_reported,,not_reported,,reported,1049,unknown,complete,percent,0,Extracted from the [All Respondents] Total column; agreed across two independent vision reads.,general_vote_intention
forum_2013_nov24_sun__r4,forum_city_2013_11_24_n1049,forum_2013_nov24_sun,"p.2 article prose (Tory in a race with Ford, Stintz and Soknacki)",mayoral,toronto-mayor-2014,not_reported,,4,not_reported,,Ford / Tory / Stintz / Soknacki,Toronto voters age 18+,none,,not_reported,,not_reported,,not_reported,,reported,1049,unknown,complete,percent,0,Extracted from the [All Respondents] Total column; agreed across two independent vision reads.,general_vote_intention
forum_2013_nov24_sun__r5,forum_city_2013_11_24_n1049,forum_2013_nov24_sun,p.2 article prose (Chow added to the Ford/Tory/Stintz/Soknacki slate),mayoral,toronto-mayor-2014,not_reported,,5,not_reported,,Chow / Ford / Tory / Stintz / Soknacki,Toronto voters age 18+,none,,not_reported,,not_reported,,not_reported,,reported,1049,unknown,complete,percent,0,Extracted from the [All Respondents] Total column; agreed across two independent vision reads.,general_vote_intention
forum_2013_nov24_sun__r6,forum_city_2013_11_24_n1049,forum_2013_nov24_sun,p.2 article prose (six-person contest including Minnan-Wong),mayoral,toronto-mayor-2014,not_reported,,6,not_reported,,Chow / Ford / Tory / Stintz / Minnan-Wong / Soknacki,Toronto voters age 18+,none,,not_reported,,not_reported,,not_reported,,reported,1049,unknown,complete,percent,0,Extracted from the [All Respondents] Total column; agreed across two independent vision reads.,general_vote_intention
forum_2013_mar21_star__r1,forum_city_2013_03_19_n1045,forum_2013_mar21_star,"p.1 prose: 'In a Forum Research poll of 1,045 Torontonians conducted Tuesday, 60 per cent favoured ... Chow. That compares to just 33 per cent for the sitting mayor and 7 per cent who don't know ... head-to-head mayoral matchup.'",mayoral,toronto-mayor-2014,not_reported,,1,not_reported,,Chow / Ford,Toronto voters age 18+,none,,not_reported,,not_reported,,not_reported,,reported,1045,unknown,complete,percent,0,Extracted from the [All Respondents] Total column; agreed across two independent vision reads.,general_vote_intention
forum_2013_mar21_star__r2,forum_city_2013_03_19_n1045,forum_2013_mar21_star,"p.1 prose: 'In a hypothetical four-way mayoral contest held now, Chow would win with 43 per cent support compared with 32 per cent for Ford, 13 per cent for Councillor Adam Vaughan and 7 per cent for transit advocate Sarah Thomson, the poll found.'",mayoral,toronto-mayor-2014,not_reported,,2,not_reported,,Chow / Ford / Vaughan / Thomson,Toronto voters age 18+,none,,not_reported,,not_reported,,not_reported,,reported,1045,unknown,partial,percent,0,Extracted from the [All Respondents] Total column; agreed across two independent vision reads.,general_vote_intention
forum_2013_mar21_star__r3,forum_city_2013_03_19_n1045,forum_2013_mar21_star,"p.1 prose: 'Another combination tested had Chow winning with 47 per cent to Ford's 32 per cent, Councillor Shelley Carroll's 8 per cent and Thomson's 6 per cent.'",mayoral,toronto-mayor-2014,not_reported,,3,not_reported,,Chow / Ford / Carroll / Thomson,Toronto voters age 18+,none,,not_reported,,not_reported,,not_reported,,reported,1045,unknown,partial,percent,0,Extracted from the [All Respondents] Total column; agreed across two independent vision reads.,general_vote_intention
forum_2013_mar21_star__r4,forum_city_2013_03_19_n1045,forum_2013_mar21_star,"p.2 prose: 'when Forum asked Torontonians how they would vote in a Ford-Thomson contest ... Thomson was within striking distance, at 36 per cent compared with Ford's 41 per cent.'",mayoral,toronto-mayor-2014,not_reported,,4,not_reported,,Ford / Thomson,Toronto voters age 18+,none,,not_reported,,not_reported,,not_reported,,reported,1045,unknown,partial,percent,0,Extracted from the [All Respondents] Total column; agreed across two independent vision reads.,general_vote_intention
forum_2013_may13_star__r1,forum_city_2013_05_10_n974,forum_2013_may13_star,"p.1 prose, paragraph 'In a one-on-one race, Chow would win with 57 per cent of the vote compared to 36 per cent for Ford' (no data table; residual/undecided not printed)",mayoral,toronto-mayor-2014,not_reported,,1,not_reported,,Chow / Ford,Toronto voters age 18+,none,,not_reported,,not_reported,,not_reported,,reported,974,unknown,partial,percent,0,Extracted from the [All Respondents] Total column; agreed across two independent vision reads.,general_vote_intention
forum_2013_may13_star__r2,forum_city_2013_05_10_n974,forum_2013_may13_star,"p.1 prose, paragraph 'Ford would edge out Chow with 35 per cent of the vote to her 34 per cent. Toronto city councillor Adam Vaughn would get 13 per cent and councillor Karen Stintz would get 11 per cent' (no data table; residual/undecided not printed)",mayoral,toronto-mayor-2014,not_reported,,2,not_reported,,Ford / Chow / Vaughn / Stintz,Toronto voters age 18+,none,,not_reported,,not_reported,,not_reported,,reported,974,unknown,partial,percent,0,Extracted from the [All Respondents] Total column; agreed across two independent vision reads.,general_vote_intention
forum_2013_may13_star__r3,forum_city_2013_05_10_n974,forum_2013_may13_star,"p.1 prose, paragraph 'John Tory would easily best Ford in a two-way race with Tory attracting 50 per cent of the vote to Ford's 33 per cent' (no data table; residual/undecided not printed)",mayoral,toronto-mayor-2014,not_reported,,3,not_reported,,Tory / Ford,Toronto voters age 18+,none,,not_reported,,not_reported,,not_reported,,reported,974,unknown,partial,percent,0,Extracted from the [All Respondents] Total column; agreed across two independent vision reads.,general_vote_intention
forum_2013_may13_star__r4,forum_city_2013_05_10_n974,forum_2013_may13_star,"p.2 prose, paragraph 'Chow would also win in a contest of heavyweights featuring Ford and Tory as her rivals, taking 44 per cent of the votes to their 27 per cent and 25 per cent respectively' (no data table; residual/undecided not printed)",mayoral,toronto-mayor-2014,not_reported,,4,not_reported,,Chow / Ford / Tory,Toronto voters age 18+,none,,not_reported,,not_reported,,not_reported,,reported,974,unknown,partial,percent,0,Extracted from the [All Respondents] Total column; agreed across two independent vision reads.,general_vote_intention
mainstreet_2018_sep06_report__r1,mainstreet_city_2018_09_05_n1178,mainstreet_2018_sep06_report,p.5 (all voters) Total column,mayoral,toronto-mayor-2018,not_reported,,1,reported,"On October 22 2018, you will have a chance to vote in your municipal election. Which mayoral candidate would you vote for, or might lean toward?",Tory / Keesmaat,Toronto voters age 18+,none,,all_respondents,Including Undecided Voters,not_reported,,not_reported,,reported,1178,complete,complete,percent,1,Extracted from the all-respondents (including-undecided) mayoral table; agreed across two independent vision reads.,general_vote_intention
mainstreet_2018_sep06_report__r2,mainstreet_city_2018_09_05_n1178,mainstreet_2018_sep06_report,p.5 (decided voters) Total column,mayoral,toronto-mayor-2018,not_reported,,2,reported,"On October 22 2018, you will have a chance to vote in your municipal election. Which mayoral candidate would you vote for, or might lean toward?",Tory / Keesmaat,Toronto voters age 18+,none,,decided_respondents,Among Decided Voters,not_reported,,not_reported,,reported,808,complete,complete,percent,1,Extracted from the all-respondents (including-undecided) mayoral table; agreed across two independent vision reads.,general_vote_intention
